Date_YYYY-MM-DD,Country_Region,Location_name,Location_lat,Location_lon,Transect,Position,Size_min_mm,Size_max_mm,Size_class,no_color,black,grey,red_pink,orange_brown_yellow,green,blue,purple
2018-04-25,Taiwan,Xialiao_Beach,25.21469,121.65406,A,1,1,5,microplastics,52,0,0,0,0,0,0,0
2018-04-25,Taiwan,Xialiao_Beach,25.21469,121.65406,A,2,1,5,microplastics,36,0,0,0,0,0,0,0
2018-04-25,Taiwan,Xialiao_Beach,25.21469,121.65406,A,3,1,5,microplastics,76,1,0,2,0,0,0,0
2018-04-25,Taiwan,Xialiao_Beach,25.21469,121.65406,A,4,1,5,microplastics,56,0,1,0,0,0,0,0
2018-04-25,Taiwan,Xialiao_Beach,25.21469,121.65406,A,5,1,5,microplastics,179,0,0,1,1,2,1,0
2018-04-25,Taiwan,Xialiao_Beach,25.21469,121.65406,A,6,1,5,microplastics,58,0,1,0,0,0,2,0
2018-04-25,Taiwan,Xialiao_Beach,25.21469,121.65406,A,7,1,5,microplastics,65,4,0,0,1,0,0,0
2018-04-25,Taiwan,Xialiao_Beach,25.21469,121.65406,A,8,1,5,microplastics,73,0,0,0,1,2,2,0
2018-04-25,Taiwan,Xialiao_Beach,25.21469,121.65406,A,9,1,5,microplastics,76,0,0,1,0,2,0,0
2018-04-25,Taiwan,Xialiao_Beach,25.21469,121.65406,A,10,1,5,microplastics,104,7,1,0,0,6,5,0
2018-04-25,Taiwan,Xialiao_Beach,25.21469,121.65406,A,11,1,5,microplastics,20,1,1,0,1,1,0,0
2018-04-25,Taiwan,Xialiao_Beach,25.21469,121.65406,A,12,1,5,microplastics,16,1,1,1,0,0,0,0
2018-04-25,Taiwan,Xialiao_Beach,25.21469,121.65406,A,13,1,5,microplastics,179,9,4,5,2,15,9,2
2018-04-25,Taiwan,Xialiao_Beach,25.21469,121.65406,A,14,1,5,microplastics,25,0,1,0,0,0,3,0
2018-04-25,Taiwan,Xialiao_Beach,25.21469,121.65406,A,15,1,5,microplastics,36,3,1,2,0,2,2,0
2018-04-25,Taiwan,Xialiao_Beach,25.21469,121.65406,A,16,1,5,microplastics,3,0,0,0,0,0,0,0
2018-04-25,Taiwan,Xialiao_Beach,25.21469,121.65406,A,17,1,5,microplastics,1,0,0,0,0,0,0,0
2018-04-25,Taiwan,Xialiao_Beach,25.21469,121.65406,A,18,1,5,microplastics,0,0,0,0,0,0,0,0
2018-04-25,Taiwan,Xialiao_Beach,25.21469,121.65406,A,19,1,5,microplastics,1,0,0,0,0,0,0,0
2018-04-25,Taiwan,Xialiao_Beach,25.21469,121.65406,A,20,1,5,microplastics,0,0,0,0,0,0,1,0
2018-04-25,Taiwan,Xialiao_Beach,25.21469,121.65406,A,21,1,5,microplastics,0,0,0,0,0,0,0,0
2018-04-25,Taiwan,Xialiao_Beach,25.21469,121.65406,A,22,1,5,microplastics,2,0,0,0,0,0,0,0
2018-04-25,Taiwan,Xialiao_Beach,25.21469,121.65406,A,23,1,5,microplastics,3,0,0,0,0,0,2,0
2018-04-25,Taiwan,Xialiao_Beach,25.21469,121.65406,B,1,1,5,microplastics,73,0,0,0,0,0,0,1
2018-04-25,Taiwan,Xialiao_Beach,25.21469,121.65406,B,2,1,5,microplastics,26,0,0,2,1,0,0,0
2018-04-25,Taiwan,Xialiao_Beach,25.21469,121.65406,B,3,1,5,microplastics,44,0,1,0,0,0,0,0
2018-04-25,Taiwan,Xialiao_Beach,25.21469,121.65406,B,4,1,5,microplastics,44,0,1,0,1,0,1,0
2018-04-25,Taiwan,Xialiao_Beach,25.21469,121.65406,B,5,1,5,microplastics,52,2,0,1,1,1,1,0
2018-04-25,Taiwan,Xialiao_Beach,25.21469,121.65406,B,6,1,5,microplastics,82,0,0,0,2,1,1,0
2018-04-25,Taiwan,Xialiao_Beach,25.21469,121.65406,B,7,1,5,microplastics,29,0,0,0,1,1,0,0
2018-04-25,Taiwan,Xialiao_Beach,25.21469,121.65406,B,8,1,5,microplastics,175,1,0,0,0,0,0,0
2018-04-25,Taiwan,Xialiao_Beach,25.21469,121.65406,B,9,1,5,microplastics,78,1,1,1,0,4,0,0
2018-04-25,Taiwan,Xialiao_Beach,25.21469,121.65406,B,10,1,5,microplastics,60,1,2,1,0,0,3,0
2018-04-25,Taiwan,Xialiao_Beach,25.21469,121.65406,B,11,1,5,microplastics,26,0,0,1,0,0,0,0
2018-04-25,Taiwan,Xialiao_Beach,25.21469,121.65406,B,12,1,5,microplastics,87,4,1,6,1,7,9,1
2018-04-25,Taiwan,Xialiao_Beach,25.21469,121.65406,B,13,1,5,microplastics,26,1,0,0,2,0,4,0
2018-04-25,Taiwan,Xialiao_Beach,25.21469,121.65406,B,14,1,5,microplastics,1,0,0,0,0,0,0,0
2018-04-25,Taiwan,Xialiao_Beach,25.21469,121.65406,B,15,1,5,microplastics,180,1,3,3,2,9,7,2
2018-04-25,Taiwan,Xialiao_Beach,25.21469,121.65406,B,16,1,5,microplastics,1,0,0,0,0,0,0,0
2018-04-25,Taiwan,Xialiao_Beach,25.21469,121.65406,B,17,1,5,microplastics,2,0,0,0,0,0,0,0
2018-04-25,Taiwan,Xialiao_Beach,25.21469,121.65406,B,18,1,5,microplastics,0,0,0,0,0,0,0,0
2018-04-25,Taiwan,Xialiao_Beach,25.21469,121.65406,B,19,1,5,microplastics,0,0,0,0,0,0,0,0
2018-04-25,Taiwan,Xialiao_Beach,25.21469,121.65406,B,20,1,5,microplastics,0,0,0,0,0,0,0,0
2018-04-25,Taiwan,Xialiao_Beach,25.21469,121.65406,B,21,1,5,microplastics,0,0,0,0,0,0,0,0
2018-04-25,Taiwan,Xialiao_Beach,25.21469,121.65406,B,22,1,5,microplastics,0,0,0,0,0,0,0,0
2018-04-25,Taiwan,Xialiao_Beach,25.21469,121.65406,B,23,1,5,microplastics,0,0,0,0,0,0,0,0
2018-04-25,Taiwan,Xialiao_Beach,25.21469,121.65406,C,1,1,5,microplastics,41,0,0,0,1,1,0,0
2018-04-25,Taiwan,Xialiao_Beach,25.21469,121.65406,C,2,1,5,microplastics,66,0,0,0,0,0,2,0
2018-04-25,Taiwan,Xialiao_Beach,25.21469,121.65406,C,3,1,5,microplastics,33,0,0,0,0,0,0,0
2018-04-25,Taiwan,Xialiao_Beach,25.21469,121.65406,C,4,1,5,microplastics,43,1,0,0,0,0,0,0
2018-04-25,Taiwan,Xialiao_Beach,25.21469,121.65406,C,5,1,5,microplastics,34,0,0,0,0,1,0,0
2018-04-25,Taiwan,Xialiao_Beach,25.21469,121.65406,C,6,1,5,microplastics,111,0,1,2,0,1,0,0
2018-04-25,Taiwan,Xialiao_Beach,25.21469,121.65406,C,7,1,5,microplastics,20,0,0,0,0,0,0,0
2018-04-25,Taiwan,Xialiao_Beach,25.21469,121.65406,C,8,1,5,microplastics,43,0,0,3,1,0,1,0
2018-04-25,Taiwan,Xialiao_Beach,25.21469,121.65406,C,9,1,5,microplastics,127,0,1,2,1,0,4,0
2018-04-25,Taiwan,Xialiao_Beach,25.21469,121.65406,C,10,1,5,microplastics,124,0,1,1,0,3,1,0
2018-04-25,Taiwan,Xialiao_Beach,25.21469,121.65406,C,11,1,5,microplastics,15,0,2,1,1,0,2,0
2018-04-25,Taiwan,Xialiao_Beach,25.21469,121.65406,C,12,1,5,microplastics,14,0,0,0,0,2,0,0
2018-04-25,Taiwan,Xialiao_Beach,25.21469,121.65406,C,13,1,5,microplastics,15,0,0,0,0,1,0,0
2018-04-25,Taiwan,Xialiao_Beach,25.21469,121.65406,C,14,1,5,microplastics,129,5,3,0,3,3,6,0
2018-04-25,Taiwan,Xialiao_Beach,25.21469,121.65406,C,15,1,5,microplastics,9,1,0,0,0,0,0,0
2018-04-25,Taiwan,Xialiao_Beach,25.21469,121.65406,C,16,1,5,microplastics,10,1,0,0,0,2,0,0
2018-04-25,Taiwan,Xialiao_Beach,25.21469,121.65406,C,17,1,5,microplastics,0,0,0,0,1,0,0,0
2018-04-25,Taiwan,Xialiao_Beach,25.21469,121.65406,C,18,1,5,microplastics,4,0,0,0,0,0,0,0
2018-04-25,Taiwan,Xialiao_Beach,25.21469,121.65406,C,19,1,5,microplastics,3,0,0,0,0,0,0,0
2018-04-25,Taiwan,Xialiao_Beach,25.21469,121.65406,C,20,1,5,microplastics,3,0,0,0,0,0,0,0
2018-04-25,Taiwan,Xialiao_Beach,25.21469,121.65406,C,21,1,5,microplastics,0,0,0,0,0,0,0,0
2018-04-25,Taiwan,Xialiao_Beach,25.21469,121.65406,C,22,1,5,microplastics,0,0,0,0,0,0,0,0
2018-04-25,Taiwan,Xialiao_Beach,25.21469,121.65406,C,23,1,5,microplastics,3,0,0,0,0,0,0,0
2018-04-25,Taiwan,Xialiao_Beach,25.21469,121.65406,A,1,5,25,mesoplastics,7,0,0,0,0,0,0,0
2018-04-25,Taiwan,Xialiao_Beach,25.21469,121.65406,A,2,5,25,mesoplastics,7,0,0,0,0,0,0,0
2018-04-25,Taiwan,Xialiao_Beach,25.21469,121.65406,A,3,5,25,mesoplastics,7,0,0,0,0,0,0,0
2018-04-25,Taiwan,Xialiao_Beach,25.21469,121.65406,A,4,5,25,mesoplastics,3,0,1,0,0,1,0,0
2018-04-25,Taiwan,Xialiao_Beach,25.21469,121.65406,A,5,5,25,mesoplastics,18,1,0,0,0,0,0,0
2018-04-25,Taiwan,Xialiao_Beach,25.21469,121.65406,A,6,5,25,mesoplastics,9,0,0,0,2,0,0,0
2018-04-25,Taiwan,Xialiao_Beach,25.21469,121.65406,A,7,5,25,mesoplastics,6,0,1,0,2,0,0,0
2018-04-25,Taiwan,Xialiao_Beach,25.21469,121.65406,A,8,5,25,mesoplastics,11,0,1,0,0,0,0,0
2018-04-25,Taiwan,Xialiao_Beach,25.21469,121.65406,A,9,5,25,mesoplastics,22,0,0,0,0,1,0,0
2018-04-25,Taiwan,Xialiao_Beach,25.21469,121.65406,A,10,5,25,mesoplastics,19,0,0,2,2,3,5,0
2018-04-25,Taiwan,Xialiao_Beach,25.21469,121.65406,A,11,5,25,mesoplastics,5,2,0,0,0,1,0,0
2018-04-25,Taiwan,Xialiao_Beach,25.21469,121.65406,A,12,5,25,mesoplastics,2,0,0,0,1,0,1,0
2018-04-25,Taiwan,Xialiao_Beach,25.21469,121.65406,A,13,5,25,mesoplastics,26,2,2,1,2,3,6,1
2018-04-25,Taiwan,Xialiao_Beach,25.21469,121.65406,A,14,5,25,mesoplastics,5,0,0,0,0,0,1,0
2018-04-25,Taiwan,Xialiao_Beach,25.21469,121.65406,A,15,5,25,mesoplastics,0,0,0,0,0,1,0,0
2018-04-25,Taiwan,Xialiao_Beach,25.21469,121.65406,A,16,5,25,mesoplastics,0,0,0,0,0,0,0,0
2018-04-25,Taiwan,Xialiao_Beach,25.21469,121.65406,A,17,5,25,mesoplastics,0,0,0,0,0,0,0,0
2018-04-25,Taiwan,Xialiao_Beach,25.21469,121.65406,A,18,5,25,mesoplastics,0,0,0,0,0,0,0,0
2018-04-25,Taiwan,Xialiao_Beach,25.21469,121.65406,A,19,5,25,mesoplastics,0,0,0,0,0,0,0,0
2018-04-25,Taiwan,Xialiao_Beach,25.21469,121.65406,A,20,5,25,mesoplastics,0,0,0,0,0,0,0,0
2018-04-25,Taiwan,Xialiao_Beach,25.21469,121.65406,A,21,5,25,mesoplastics,0,0,0,0,0,0,0,0
2018-04-25,Taiwan,Xialiao_Beach,25.21469,121.65406,A,22,5,25,mesoplastics,0,0,0,0,0,0,0,0
2018-04-25,Taiwan,Xialiao_Beach,25.21469,121.65406,A,23,5,25,mesoplastics,0,0,0,0,0,0,0,0
2018-04-25,Taiwan,Xialiao_Beach,25.21469,121.65406,B,1,5,25,mesoplastics,3,0,0,0,0,0,0,0
2018-04-25,Taiwan,Xialiao_Beach,25.21469,121.65406,B,2,5,25,mesoplastics,3,1,0,0,0,0,0,0
2018-04-25,Taiwan,Xialiao_Beach,25.21469,121.65406,B,3,5,25,mesoplastics,6,0,1,0,0,0,2,0
2018-04-25,Taiwan,Xialiao_Beach,25.21469,121.65406,B,4,5,25,mesoplastics,13,0,0,0,2,0,0,0
2018-04-25,Taiwan,Xialiao_Beach,25.21469,121.65406,B,5,5,25,mesoplastics,9,0,0,0,0,1,0,0
2018-04-25,Taiwan,Xialiao_Beach,25.21469,121.65406,B,6,5,25,mesoplastics,7,0,1,0,0,0,0,0
2018-04-25,Taiwan,Xialiao_Beach,25.21469,121.65406,B,7,5,25,mesoplastics,6,1,0,0,0,0,1,0
2018-04-25,Taiwan,Xialiao_Beach,25.21469,121.65406,B,8,5,25,mesoplastics,21,0,1,0,2,2,0,0
2018-04-25,Taiwan,Xialiao_Beach,25.21469,121.65406,B,9,5,25,mesoplastics,17,1,0,0,0,0,0,0
2018-04-25,Taiwan,Xialiao_Beach,25.21469,121.65406,B,10,5,25,mesoplastics,14,0,2,1,0,0,1,0
2018-04-25,Taiwan,Xialiao_Beach,25.21469,121.65406,B,11,5,25,mesoplastics,6,0,0,0,3,0,2,0
2018-04-25,Taiwan,Xialiao_Beach,25.21469,121.65406,B,12,5,25,mesoplastics,0,0,0,0,0,0,0,0
2018-04-25,Taiwan,Xialiao_Beach,25.21469,121.65406,B,13,5,25,mesoplastics,3,0,0,1,1,2,0,0
2018-04-25,Taiwan,Xialiao_Beach,25.21469,121.65406,B,14,5,25,mesoplastics,14,1,0,1,1,4,1,0
2018-04-25,Taiwan,Xialiao_Beach,25.21469,121.65406,B,15,5,25,mesoplastics,21,1,0,0,2,0,1,0
2018-04-25,Taiwan,Xialiao_Beach,25.21469,121.65406,B,16,5,25,mesoplastics,0,0,1,0,0,0,0,0
2018-04-25,Taiwan,Xialiao_Beach,25.21469,121.65406,B,17,5,25,mesoplastics,0,0,0,0,0,0,0,0
2018-04-25,Taiwan,Xialiao_Beach,25.21469,121.65406,B,18,5,25,mesoplastics,0,0,0,0,0,0,0,0
2018-04-25,Taiwan,Xialiao_Beach,25.21469,121.65406,B,19,5,25,mesoplastics,0,0,0,0,0,0,0,0
2018-04-25,Taiwan,Xialiao_Beach,25.21469,121.65406,B,20,5,25,mesoplastics,0,0,0,0,0,0,0,0
2018-04-25,Taiwan,Xialiao_Beach,25.21469,121.65406,B,21,5,25,mesoplastics,0,0,0,0,0,0,0,0
2018-04-25,Taiwan,Xialiao_Beach,25.21469,121.65406,B,22,5,25,mesoplastics,0,0,0,0,0,0,0,0
2018-04-25,Taiwan,Xialiao_Beach,25.21469,121.65406,B,23,5,25,mesoplastics,0,0,0,0,0,0,0,0
2018-04-25,Taiwan,Xialiao_Beach,25.21469,121.65406,C,1,5,25,mesoplastics,4,0,0,0,0,0,0,0
2018-04-25,Taiwan,Xialiao_Beach,25.21469,121.65406,C,2,5,25,mesoplastics,15,0,0,0,0,1,0,0
2018-04-25,Taiwan,Xialiao_Beach,25.21469,121.65406,C,3,5,25,mesoplastics,5,0,0,0,0,0,0,0
2018-04-25,Taiwan,Xialiao_Beach,25.21469,121.65406,C,4,5,25,mesoplastics,9,0,0,0,1,0,0,0
2018-04-25,Taiwan,Xialiao_Beach,25.21469,121.65406,C,5,5,25,mesoplastics,6,0,0,0,0,0,0,0
2018-04-25,Taiwan,Xialiao_Beach,25.21469,121.65406,C,6,5,25,mesoplastics,15,0,0,1,0,0,0,0
2018-04-25,Taiwan,Xialiao_Beach,25.21469,121.65406,C,7,5,25,mesoplastics,3,0,0,0,0,1,1,0
2018-04-25,Taiwan,Xialiao_Beach,25.21469,121.65406,C,8,5,25,mesoplastics,6,0,0,0,0,0,0,0
2018-04-25,Taiwan,Xialiao_Beach,25.21469,121.65406,C,9,5,25,mesoplastics,24,0,0,0,2,0,0,0
2018-04-25,Taiwan,Xialiao_Beach,25.21469,121.65406,C,10,5,25,mesoplastics,6,0,0,0,1,2,0,0
2018-04-25,Taiwan,Xialiao_Beach,25.21469,121.65406,C,11,5,25,mesoplastics,3,0,0,0,0,0,0,0
2018-04-25,Taiwan,Xialiao_Beach,25.21469,121.65406,C,12,5,25,mesoplastics,1,0,0,0,0,0,1,0
2018-04-25,Taiwan,Xialiao_Beach,25.21469,121.65406,C,13,5,25,mesoplastics,0,0,0,0,1,0,0,0
2018-04-25,Taiwan,Xialiao_Beach,25.21469,121.65406,C,14,5,25,mesoplastics,11,1,0,0,2,1,1,0
2018-04-25,Taiwan,Xialiao_Beach,25.21469,121.65406,C,15,5,25,mesoplastics,0,1,0,0,0,0,0,0
2018-04-25,Taiwan,Xialiao_Beach,25.21469,121.65406,C,16,5,25,mesoplastics,0,0,0,0,0,0,0,0
2018-04-25,Taiwan,Xialiao_Beach,25.21469,121.65406,C,17,5,25,mesoplastics,0,0,0,0,0,0,0,0
2018-04-25,Taiwan,Xialiao_Beach,25.21469,121.65406,C,18,5,25,mesoplastics,0,0,0,0,0,0,0,0
2018-04-25,Taiwan,Xialiao_Beach,25.21469,121.65406,C,19,5,25,mesoplastics,1,0,0,0,0,0,0,0
2018-04-25,Taiwan,Xialiao_Beach,25.21469,121.65406,C,20,5,25,mesoplastics,0,0,0,0,0,1,0,0
2018-04-25,Taiwan,Xialiao_Beach,25.21469,121.65406,C,21,5,25,mesoplastics,0,0,0,0,0,0,0,0
2018-04-25,Taiwan,Xialiao_Beach,25.21469,121.65406,C,22,5,25,mesoplastics,0,0,0,0,0,0,0,0
2018-04-25,Taiwan,Xialiao_Beach,25.21469,121.65406,C,23,5,25,mesoplastics,0,0,0,0,0,0,0,0
2018-05-25,Taiwan,Xialiao_Beach,25.21469,121.65406,A,1,1,5,microplastics,296,0,0,0,0,4,1,0
2018-05-25,Taiwan,Xialiao_Beach,25.21469,121.65406,A,2,1,5,microplastics,278,0,0,1,3,0,1,0
2018-05-25,Taiwan,Xialiao_Beach,25.21469,121.65406,A,3,1,5,microplastics,69,0,1,0,0,1,0,0
2018-05-25,Taiwan,Xialiao_Beach,25.21469,121.65406,A,4,1,5,microplastics,101,1,0,0,1,0,0,0
2018-05-25,Taiwan,Xialiao_Beach,25.21469,121.65406,A,5,1,5,microplastics,406,0,0,0,1,2,1,0
2018-05-25,Taiwan,Xialiao_Beach,25.21469,121.65406,A,6,1,5,microplastics,59,2,1,0,1,0,1,0
2018-05-25,Taiwan,Xialiao_Beach,25.21469,121.65406,A,7,1,5,microplastics,125,0,0,0,0,0,0,0
2018-05-25,Taiwan,Xialiao_Beach,25.21469,121.65406,A,8,1,5,microplastics,212,2,0,1,3,2,2,0
2018-05-25,Taiwan,Xialiao_Beach,25.21469,121.65406,A,9,1,5,microplastics,257,2,3,1,1,4,2,0
2018-05-25,Taiwan,Xialiao_Beach,25.21469,121.65406,A,10,1,5,microplastics,45,1,0,0,0,15,0,0
2018-05-25,Taiwan,Xialiao_Beach,25.21469,121.65406,A,11,1,5,microplastics,21,0,1,0,1,3,0,0
2018-05-25,Taiwan,Xialiao_Beach,25.21469,121.65406,A,12,1,5,microplastics,44,1,0,0,0,2,1,2
2018-05-25,Taiwan,Xialiao_Beach,25.21469,121.65406,A,13,1,5,microplastics,14,0,1,1,0,1,0,0
2018-05-25,Taiwan,Xialiao_Beach,25.21469,121.65406,A,14,1,5,microplastics,14,0,0,0,0,0,1,0
2018-05-25,Taiwan,Xialiao_Beach,25.21469,121.65406,A,15,1,5,microplastics,134,7,1,2,2,1,5,0
2018-05-25,Taiwan,Xialiao_Beach,25.21469,121.65406,A,16,1,5,microplastics,5,1,0,0,0,1,0,0
2018-05-25,Taiwan,Xialiao_Beach,25.21469,121.65406,A,17,1,5,microplastics,2,0,0,0,0,0,0,0
2018-05-25,Taiwan,Xialiao_Beach,25.21469,121.65406,A,18,1,5,microplastics,1,0,0,0,0,0,0,0
2018-05-25,Taiwan,Xialiao_Beach,25.21469,121.65406,A,19,1,5,microplastics,3,1,0,0,0,0,0,0
2018-05-25,Taiwan,Xialiao_Beach,25.21469,121.65406,A,20,1,5,microplastics,13,2,0,0,0,0,1,0
2018-05-25,Taiwan,Xialiao_Beach,25.21469,121.65406,A,21,1,5,microplastics,22,1,0,0,0,5,1,0
2018-05-25,Taiwan,Xialiao_Beach,25.21469,121.65406,A,22,1,5,microplastics,0,0,0,0,0,1,0,0
2018-05-25,Taiwan,Xialiao_Beach,25.21469,121.65406,A,23,1,5,microplastics,1,0,0,0,0,0,1,0
2018-05-25,Taiwan,Xialiao_Beach,25.21469,121.65406,B,1,1,5,microplastics,665,1,2,2,1,0,0,0
2018-05-25,Taiwan,Xialiao_Beach,25.21469,121.65406,B,2,1,5,microplastics,78,1,0,0,0,0,0,0
2018-05-25,Taiwan,Xialiao_Beach,25.21469,121.65406,B,3,1,5,microplastics,85,0,0,0,0,0,0,0
2018-05-25,Taiwan,Xialiao_Beach,25.21469,121.65406,B,4,1,5,microplastics,61,1,0,0,0,2,0,0
2018-05-25,Taiwan,Xialiao_Beach,25.21469,121.65406,B,5,1,5,microplastics,387,3,1,0,2,0,0,0
2018-05-25,Taiwan,Xialiao_Beach,25.21469,121.65406,B,6,1,5,microplastics,93,2,1,0,0,1,0,0
2018-05-25,Taiwan,Xialiao_Beach,25.21469,121.65406,B,7,1,5,microplastics,63,0,1,0,1,0,0,0
2018-05-25,Taiwan,Xialiao_Beach,25.21469,121.65406,B,8,1,5,microplastics,180,0,3,1,0,0,1,0
2018-05-25,Taiwan,Xialiao_Beach,25.21469,121.65406,B,9,1,5,microplastics,352,3,2,4,0,2,3,0
2018-05-25,Taiwan,Xialiao_Beach,25.21469,121.65406,B,10,1,5,microplastics,81,0,0,0,0,0,0,0
2018-05-25,Taiwan,Xialiao_Beach,25.21469,121.65406,B,11,1,5,microplastics,28,0,0,1,0,1,1,0
2018-05-25,Taiwan,Xialiao_Beach,25.21469,121.65406,B,12,1,5,microplastics,20,3,0,2,0,1,3,0
2018-05-25,Taiwan,Xialiao_Beach,25.21469,121.65406,B,13,1,5,microplastics,20,0,1,2,0,1,1,0
2018-05-25,Taiwan,Xialiao_Beach,25.21469,121.65406,B,14,1,5,microplastics,30,1,0,1,0,3,1,0
2018-05-25,Taiwan,Xialiao_Beach,25.21469,121.65406,B,15,1,5,microplastics,21,1,0,0,1,3,3,0
2018-05-25,Taiwan,Xialiao_Beach,25.21469,121.65406,B,16,1,5,microplastics,3,0,0,0,0,0,0,0
2018-05-25,Taiwan,Xialiao_Beach,25.21469,121.65406,B,17,1,5,microplastics,0,0,0,0,0,0,1,0
2018-05-25,Taiwan,Xialiao_Beach,25.21469,121.65406,B,18,1,5,microplastics,0,0,0,0,1,0,0,0
2018-05-25,Taiwan,Xialiao_Beach,25.21469,121.65406,B,19,1,5,microplastics,0,0,0,1,0,0,0,0
2018-05-25,Taiwan,Xialiao_Beach,25.21469,121.65406,B,20,1,5,microplastics,5,0,0,0,0,0,1,0
2018-05-25,Taiwan,Xialiao_Beach,25.21469,121.65406,B,21,1,5,microplastics,21,1,0,0,0,0,2,0
2018-05-25,Taiwan,Xialiao_Beach,25.21469,121.65406,B,22,1,5,microplastics,0,0,0,0,0,0,0,0
2018-05-25,Taiwan,Xialiao_Beach,25.21469,121.65406,B,23,1,5,microplastics,2,0,0,0,0,0,0,0
2018-05-25,Taiwan,Xialiao_Beach,25.21469,121.65406,C,1,1,5,microplastics,615,1,0,0,0,0,0,0
2018-05-25,Taiwan,Xialiao_Beach,25.21469,121.65406,C,2,1,5,microplastics,181,0,0,0,2,2,0,0
2018-05-25,Taiwan,Xialiao_Beach,25.21469,121.65406,C,3,1,5,microplastics,59,0,1,1,0,0,2,0
2018-05-25,Taiwan,Xialiao_Beach,25.21469,121.65406,C,4,1,5,microplastics,101,0,2,0,1,0,0,0
2018-05-25,Taiwan,Xialiao_Beach,25.21469,121.65406,C,5,1,5,microplastics,220,3,1,1,2,2,0,0
2018-05-25,Taiwan,Xialiao_Beach,25.21469,121.65406,C,6,1,5,microplastics,31,1,0,0,2,0,0,0
2018-05-25,Taiwan,Xialiao_Beach,25.21469,121.65406,C,7,1,5,microplastics,68,0,0,0,0,0,0,0
2018-05-25,Taiwan,Xialiao_Beach,25.21469,121.65406,C,8,1,5,microplastics,207,0,0,0,1,1,1,0
2018-05-25,Taiwan,Xialiao_Beach,25.21469,121.65406,C,9,1,5,microplastics,147,3,0,1,2,4,1,0
2018-05-25,Taiwan,Xialiao_Beach,25.21469,121.65406,C,10,1,5,microplastics,62,1,1,1,1,0,1,0
2018-05-25,Taiwan,Xialiao_Beach,25.21469,121.65406,C,11,1,5,microplastics,24,1,0,0,0,0,1,0
2018-05-25,Taiwan,Xialiao_Beach,25.21469,121.65406,C,12,1,5,microplastics,9,1,0,1,0,0,1,0
2018-05-25,Taiwan,Xialiao_Beach,25.21469,121.65406,C,13,1,5,microplastics,80,1,1,2,1,0,1,1
2018-05-25,Taiwan,Xialiao_Beach,25.21469,121.65406,C,14,1,5,microplastics,58,3,2,0,2,0,0,0
2018-05-25,Taiwan,Xialiao_Beach,25.21469,121.65406,C,15,1,5,microplastics,18,1,1,0,0,0,1,0
2018-05-25,Taiwan,Xialiao_Beach,25.21469,121.65406,C,16,1,5,microplastics,2,0,0,0,0,1,0,0
2018-05-25,Taiwan,Xialiao_Beach,25.21469,121.65406,C,17,1,5,microplastics,0,0,0,0,0,0,0,0
2018-05-25,Taiwan,Xialiao_Beach,25.21469,121.65406,C,18,1,5,microplastics,0,0,0,0,0,0,0,0
2018-05-25,Taiwan,Xialiao_Beach,25.21469,121.65406,C,19,1,5,microplastics,0,0,0,0,0,0,1,0
2018-05-25,Taiwan,Xialiao_Beach,25.21469,121.65406,C,20,1,5,microplastics,12,1,0,0,0,0,0,0
2018-05-25,Taiwan,Xialiao_Beach,25.21469,121.65406,C,21,1,5,microplastics,3,2,1,0,0,1,1,0
2018-05-25,Taiwan,Xialiao_Beach,25.21469,121.65406,C,22,1,5,microplastics,1,0,0,0,0,0,0,0
2018-05-25,Taiwan,Xialiao_Beach,25.21469,121.65406,C,23,1,5,microplastics,1,0,0,0,0,0,0,0
2018-05-25,Taiwan,Xialiao_Beach,25.21469,121.65406,A,1,5,25,mesoplastics,29,1,0,0,0,0,0,0
2018-05-25,Taiwan,Xialiao_Beach,25.21469,121.65406,A,2,5,25,mesoplastics,33,1,0,0,1,0,0,0
2018-05-25,Taiwan,Xialiao_Beach,25.21469,121.65406,A,3,5,25,mesoplastics,10,1,0,0,0,0,0,0
2018-05-25,Taiwan,Xialiao_Beach,25.21469,121.65406,A,4,5,25,mesoplastics,11,0,0,0,0,0,0,0
2018-05-25,Taiwan,Xialiao_Beach,25.21469,121.65406,A,5,5,25,mesoplastics,54,1,2,0,1,0,1,0
2018-05-25,Taiwan,Xialiao_Beach,25.21469,121.65406,A,6,5,25,mesoplastics,1,0,1,0,0,0,0,0
2018-05-25,Taiwan,Xialiao_Beach,25.21469,121.65406,A,7,5,25,mesoplastics,12,1,0,0,1,0,0,0
2018-05-25,Taiwan,Xialiao_Beach,25.21469,121.65406,A,8,5,25,mesoplastics,38,1,1,0,1,1,4,0
2018-05-25,Taiwan,Xialiao_Beach,25.21469,121.65406,A,9,5,25,mesoplastics,37,1,1,0,1,1,1,0
2018-05-25,Taiwan,Xialiao_Beach,25.21469,121.65406,A,10,5,25,mesoplastics,6,0,0,1,1,2,0,0
2018-05-25,Taiwan,Xialiao_Beach,25.21469,121.65406,A,11,5,25,mesoplastics,3,0,0,0,0,0,0,0
2018-05-25,Taiwan,Xialiao_Beach,25.21469,121.65406,A,12,5,25,mesoplastics,7,1,0,0,2,0,0,0
2018-05-25,Taiwan,Xialiao_Beach,25.21469,121.65406,A,13,5,25,mesoplastics,0,0,0,0,0,0,1,0
2018-05-25,Taiwan,Xialiao_Beach,25.21469,121.65406,A,14,5,25,mesoplastics,3,1,0,0,0,0,0,0
2018-05-25,Taiwan,Xialiao_Beach,25.21469,121.65406,A,15,5,25,mesoplastics,10,0,2,1,1,3,0,1
2018-05-25,Taiwan,Xialiao_Beach,25.21469,121.65406,A,16,5,25,mesoplastics,2,0,0,0,0,0,0,0
2018-05-25,Taiwan,Xialiao_Beach,25.21469,121.65406,A,17,5,25,mesoplastics,0,0,0,0,0,0,0,0
2018-05-25,Taiwan,Xialiao_Beach,25.21469,121.65406,A,18,5,25,mesoplastics,0,0,0,0,0,0,0,0
2018-05-25,Taiwan,Xialiao_Beach,25.21469,121.65406,A,19,5,25,mesoplastics,0,0,1,0,0,0,0,0
2018-05-25,Taiwan,Xialiao_Beach,25.21469,121.65406,A,20,5,25,mesoplastics,4,0,0,0,0,0,0,0
2018-05-25,Taiwan,Xialiao_Beach,25.21469,121.65406,A,21,5,25,mesoplastics,0,0,0,0,0,0,0,0
2018-05-25,Taiwan,Xialiao_Beach,25.21469,121.65406,A,22,5,25,mesoplastics,0,0,0,0,0,0,0,0
2018-05-25,Taiwan,Xialiao_Beach,25.21469,121.65406,A,23,5,25,mesoplastics,0,0,0,0,0,0,0,0
2018-05-25,Taiwan,Xialiao_Beach,25.21469,121.65406,B,1,5,25,mesoplastics,47,0,1,5,3,1,0,0
2018-05-25,Taiwan,Xialiao_Beach,25.21469,121.65406,B,2,5,25,mesoplastics,10,0,0,0,1,0,0,0
2018-05-25,Taiwan,Xialiao_Beach,25.21469,121.65406,B,3,5,25,mesoplastics,12,1,0,0,0,0,0,0
2018-05-25,Taiwan,Xialiao_Beach,25.21469,121.65406,B,4,5,25,mesoplastics,5,0,0,1,0,1,0,0
2018-05-25,Taiwan,Xialiao_Beach,25.21469,121.65406,B,5,5,25,mesoplastics,57,0,2,0,2,0,0,0
2018-05-25,Taiwan,Xialiao_Beach,25.21469,121.65406,B,6,5,25,mesoplastics,21,0,0,0,1,0,0,0
2018-05-25,Taiwan,Xialiao_Beach,25.21469,121.65406,B,7,5,25,mesoplastics,8,0,0,0,0,0,1,0
2018-05-25,Taiwan,Xialiao_Beach,25.21469,121.65406,B,8,5,25,mesoplastics,26,1,0,1,0,0,1,0
2018-05-25,Taiwan,Xialiao_Beach,25.21469,121.65406,B,9,5,25,mesoplastics,37,1,0,0,2,2,2,0
2018-05-25,Taiwan,Xialiao_Beach,25.21469,121.65406,B,10,5,25,mesoplastics,7,0,0,0,0,1,0,0
2018-05-25,Taiwan,Xialiao_Beach,25.21469,121.65406,B,11,5,25,mesoplastics,2,0,1,0,0,0,0,0
2018-05-25,Taiwan,Xialiao_Beach,25.21469,121.65406,B,12,5,25,mesoplastics,6,1,0,0,0,0,0,0
2018-05-25,Taiwan,Xialiao_Beach,25.21469,121.65406,B,13,5,25,mesoplastics,8,0,0,0,0,0,0,0
2018-05-25,Taiwan,Xialiao_Beach,25.21469,121.65406,B,14,5,25,mesoplastics,4,1,0,0,0,1,0,0
2018-05-25,Taiwan,Xialiao_Beach,25.21469,121.65406,B,15,5,25,mesoplastics,1,0,0,0,0,0,0,0
2018-05-25,Taiwan,Xialiao_Beach,25.21469,121.65406,B,16,5,25,mesoplastics,0,0,1,0,0,0,0,0
2018-05-25,Taiwan,Xialiao_Beach,25.21469,121.65406,B,17,5,25,mesoplastics,0,0,0,0,0,0,0,0
2018-05-25,Taiwan,Xialiao_Beach,25.21469,121.65406,B,18,5,25,mesoplastics,0,0,0,0,0,0,0,0
2018-05-25,Taiwan,Xialiao_Beach,25.21469,121.65406,B,19,5,25,mesoplastics,0,0,0,0,0,0,0,0
2018-05-25,Taiwan,Xialiao_Beach,25.21469,121.65406,B,20,5,25,mesoplastics,0,0,0,0,0,0,0,0
2018-05-25,Taiwan,Xialiao_Beach,25.21469,121.65406,B,21,5,25,mesoplastics,2,0,0,0,0,0,0,0
2018-05-25,Taiwan,Xialiao_Beach,25.21469,121.65406,B,22,5,25,mesoplastics,0,0,0,0,0,0,0,0
2018-05-25,Taiwan,Xialiao_Beach,25.21469,121.65406,B,23,5,25,mesoplastics,0,0,0,0,0,0,0,0
2018-05-25,Taiwan,Xialiao_Beach,25.21469,121.65406,C,1,5,25,mesoplastics,67,0,0,1,0,1,1,0
2018-05-25,Taiwan,Xialiao_Beach,25.21469,121.65406,C,2,5,25,mesoplastics,42,0,0,0,0,0,0,0
2018-05-25,Taiwan,Xialiao_Beach,25.21469,121.65406,C,3,5,25,mesoplastics,6,0,0,0,0,1,0,0
2018-05-25,Taiwan,Xialiao_Beach,25.21469,121.65406,C,4,5,25,mesoplastics,14,0,0,0,0,0,0,0
2018-05-25,Taiwan,Xialiao_Beach,25.21469,121.65406,C,5,5,25,mesoplastics,23,0,0,0,1,0,0,0
2018-05-25,Taiwan,Xialiao_Beach,25.21469,121.65406,C,6,5,25,mesoplastics,4,0,0,0,0,0,1,0
2018-05-25,Taiwan,Xialiao_Beach,25.21469,121.65406,C,7,5,25,mesoplastics,4,0,2,0,1,0,0,0
2018-05-25,Taiwan,Xialiao_Beach,25.21469,121.65406,C,8,5,25,mesoplastics,26,0,1,0,2,0,0,0
2018-05-25,Taiwan,Xialiao_Beach,25.21469,121.65406,C,9,5,25,mesoplastics,27,0,1,0,1,0,2,0
2018-05-25,Taiwan,Xialiao_Beach,25.21469,121.65406,C,10,5,25,mesoplastics,14,0,0,0,1,1,1,0
2018-05-25,Taiwan,Xialiao_Beach,25.21469,121.65406,C,11,5,25,mesoplastics,1,0,0,0,0,0,0,0
2018-05-25,Taiwan,Xialiao_Beach,25.21469,121.65406,C,12,5,25,mesoplastics,1,0,0,0,0,0,0,0
2018-05-25,Taiwan,Xialiao_Beach,25.21469,121.65406,C,13,5,25,mesoplastics,12,0,1,0,1,2,1,0
2018-05-25,Taiwan,Xialiao_Beach,25.21469,121.65406,C,14,5,25,mesoplastics,10,0,0,2,1,1,1,0
2018-05-25,Taiwan,Xialiao_Beach,25.21469,121.65406,C,15,5,25,mesoplastics,1,0,0,0,0,0,1,0
2018-05-25,Taiwan,Xialiao_Beach,25.21469,121.65406,C,16,5,25,mesoplastics,0,0,0,0,0,0,0,0
2018-05-25,Taiwan,Xialiao_Beach,25.21469,121.65406,C,17,5,25,mesoplastics,0,0,0,0,0,0,0,0
2018-05-25,Taiwan,Xialiao_Beach,25.21469,121.65406,C,18,5,25,mesoplastics,0,0,0,0,0,0,0,0
2018-05-25,Taiwan,Xialiao_Beach,25.21469,121.65406,C,19,5,25,mesoplastics,1,0,0,0,0,0,0,0
2018-05-25,Taiwan,Xialiao_Beach,25.21469,121.65406,C,20,5,25,mesoplastics,4,0,0,0,0,0,0,0
2018-05-25,Taiwan,Xialiao_Beach,25.21469,121.65406,C,21,5,25,mesoplastics,0,0,0,0,0,0,0,0
2018-05-25,Taiwan,Xialiao_Beach,25.21469,121.65406,C,22,5,25,mesoplastics,0,0,0,0,0,0,0,0
2018-05-25,Taiwan,Xialiao_Beach,25.21469,121.65406,C,23,5,25,mesoplastics,0,0,0,0,0,0,0,0
2018-07-18,Taiwan,Xialiao_Beach,25.21469,121.65406,A,1,1,5,microplastics,14,0,0,0,0,0,1,0
2018-07-18,Taiwan,Xialiao_Beach,25.21469,121.65406,A,2,1,5,microplastics,287,1,0,0,3,6,0,3
2018-07-18,Taiwan,Xialiao_Beach,25.21469,121.65406,A,3,1,5,microplastics,155,1,0,0,0,0,0,0
2018-07-18,Taiwan,Xialiao_Beach,25.21469,121.65406,A,4,1,5,microplastics,134,0,0,4,0,0,0,0
2018-07-18,Taiwan,Xialiao_Beach,25.21469,121.65406,A,5,1,5,microplastics,2185,3,1,1,7,1,0,0
2018-07-18,Taiwan,Xialiao_Beach,25.21469,121.65406,A,6,1,5,microplastics,2048,11,7,2,11,7,10,0
2018-07-18,Taiwan,Xialiao_Beach,25.21469,121.65406,A,7,1,5,microplastics,408,2,2,2,1,4,0,0
2018-07-18,Taiwan,Xialiao_Beach,25.21469,121.65406,A,8,1,5,microplastics,13,0,0,1,0,2,1,0
2018-07-18,Taiwan,Xialiao_Beach,25.21469,121.65406,A,9,1,5,microplastics,37,0,0,2,0,1,2,0
2018-07-18,Taiwan,Xialiao_Beach,25.21469,121.65406,A,10,1,5,microplastics,24,1,0,0,0,1,0,0
2018-07-18,Taiwan,Xialiao_Beach,25.21469,121.65406,A,11,1,5,microplastics,29,2,1,0,1,2,0,0
2018-07-18,Taiwan,Xialiao_Beach,25.21469,121.65406,A,12,1,5,microplastics,88,2,3,6,0,2,2,0
2018-07-18,Taiwan,Xialiao_Beach,25.21469,121.65406,A,13,1,5,microplastics,200,3,2,2,3,2,2,0
2018-07-18,Taiwan,Xialiao_Beach,25.21469,121.65406,A,14,1,5,microplastics,260,5,3,0,2,5,4,1
2018-07-18,Taiwan,Xialiao_Beach,25.21469,121.65406,A,15,1,5,microplastics,92,13,4,1,1,5,4,2
2018-07-18,Taiwan,Xialiao_Beach,25.21469,121.65406,A,16,1,5,microplastics,495,15,12,5,3,12,5,0
2018-07-18,Taiwan,Xialiao_Beach,25.21469,121.65406,A,17,1,5,microplastics,157,2,3,1,3,4,2,0
2018-07-18,Taiwan,Xialiao_Beach,25.21469,121.65406,A,18,1,5,microplastics,15,0,0,0,0,1,0,0
2018-07-18,Taiwan,Xialiao_Beach,25.21469,121.65406,A,19,1,5,microplastics,5,0,0,0,1,0,0,0
2018-07-18,Taiwan,Xialiao_Beach,25.21469,121.65406,A,20,1,5,microplastics,0,0,0,1,0,0,0,0
2018-07-18,Taiwan,Xialiao_Beach,25.21469,121.65406,A,21,1,5,microplastics,0,0,0,0,0,0,0,0
2018-07-18,Taiwan,Xialiao_Beach,25.21469,121.65406,A,22,1,5,microplastics,0,0,0,0,0,0,0,0
2018-07-18,Taiwan,Xialiao_Beach,25.21469,121.65406,B,1,1,5,microplastics,108,0,0,0,1,1,1,0
2018-07-18,Taiwan,Xialiao_Beach,25.21469,121.65406,B,2,1,5,microplastics,179,1,0,2,0,0,0,0
2018-07-18,Taiwan,Xialiao_Beach,25.21469,121.65406,B,3,1,5,microplastics,188,0,0,0,0,1,1,0
2018-07-18,Taiwan,Xialiao_Beach,25.21469,121.65406,B,4,1,5,microplastics,104,1,0,0,0,0,1,0
2018-07-18,Taiwan,Xialiao_Beach,25.21469,121.65406,B,5,1,5,microplastics,229,2,0,0,1,1,1,0
2018-07-18,Taiwan,Xialiao_Beach,25.21469,121.65406,B,6,1,5,microplastics,8150,74,60,20,77,37,25,4
2018-07-18,Taiwan,Xialiao_Beach,25.21469,121.65406,B,7,1,5,microplastics,50,2,1,0,1,4,1,0
2018-07-18,Taiwan,Xialiao_Beach,25.21469,121.65406,B,8,1,5,microplastics,44,5,0,2,0,6,1,0
2018-07-18,Taiwan,Xialiao_Beach,25.21469,121.65406,B,9,1,5,microplastics,28,1,0,0,0,3,2,0
2018-07-18,Taiwan,Xialiao_Beach,25.21469,121.65406,B,10,1,5,microplastics,28,1,0,1,1,1,2,0
2018-07-18,Taiwan,Xialiao_Beach,25.21469,121.65406,B,11,1,5,microplastics,41,0,4,0,0,2,0,1
2018-07-18,Taiwan,Xialiao_Beach,25.21469,121.65406,B,12,1,5,microplastics,61,2,3,3,1,6,0,1
2018-07-18,Taiwan,Xialiao_Beach,25.21469,121.65406,B,13,1,5,microplastics,141,1,2,0,4,0,2,1
2018-07-18,Taiwan,Xialiao_Beach,25.21469,121.65406,B,14,1,5,microplastics,2688,36,18,9,33,25,14,0
2018-07-18,Taiwan,Xialiao_Beach,25.21469,121.65406,B,15,1,5,microplastics,29,1,0,0,0,2,2,0
2018-07-18,Taiwan,Xialiao_Beach,25.21469,121.65406,B,16,1,5,microplastics,78,6,4,0,2,4,2,1
2018-07-18,Taiwan,Xialiao_Beach,25.21469,121.65406,B,17,1,5,microplastics,45,1,0,1,0,3,1,0
2018-07-18,Taiwan,Xialiao_Beach,25.21469,121.65406,B,18,1,5,microplastics,7,1,2,0,0,0,0,0
2018-07-18,Taiwan,Xialiao_Beach,25.21469,121.65406,B,19,1,5,microplastics,1,1,1,0,0,0,0,0
2018-07-18,Taiwan,Xialiao_Beach,25.21469,121.65406,B,20,1,5,microplastics,3,0,0,0,1,0,0,0
2018-07-18,Taiwan,Xialiao_Beach,25.21469,121.65406,B,21,1,5,microplastics,0,0,0,0,0,0,0,0
2018-07-18,Taiwan,Xialiao_Beach,25.21469,121.65406,B,22,1,5,microplastics,2,0,0,0,0,0,0,0
2018-07-18,Taiwan,Xialiao_Beach,25.21469,121.65406,C,1,1,5,microplastics,15,0,0,0,0,1,0,0
2018-07-18,Taiwan,Xialiao_Beach,25.21469,121.65406,C,2,1,5,microplastics,28,0,0,0,0,0,0,0
2018-07-18,Taiwan,Xialiao_Beach,25.21469,121.65406,C,3,1,5,microplastics,148,0,0,0,0,0,0,0
2018-07-18,Taiwan,Xialiao_Beach,25.21469,121.65406,C,4,1,5,microplastics,53,0,0,0,1,0,0,0
2018-07-18,Taiwan,Xialiao_Beach,25.21469,121.65406,C,5,1,5,microplastics,24,0,0,0,0,1,0,0
2018-07-18,Taiwan,Xialiao_Beach,25.21469,121.65406,C,6,1,5,microplastics,31,0,1,0,1,0,1,0
2018-07-18,Taiwan,Xialiao_Beach,25.21469,121.65406,C,7,1,5,microplastics,230,0,0,0,0,2,0,0
2018-07-18,Taiwan,Xialiao_Beach,25.21469,121.65406,C,8,1,5,microplastics,90,1,0,0,1,1,1,0
2018-07-18,Taiwan,Xialiao_Beach,25.21469,121.65406,C,9,1,5,microplastics,14,1,0,2,0,0,0,0
2018-07-18,Taiwan,Xialiao_Beach,25.21469,121.65406,C,10,1,5,microplastics,52,1,0,0,1,1,1,0
2018-07-18,Taiwan,Xialiao_Beach,25.21469,121.65406,C,11,1,5,microplastics,45,1,0,0,0,1,0,0
2018-07-18,Taiwan,Xialiao_Beach,25.21469,121.65406,C,12,1,5,microplastics,898,13,11,4,4,7,3,0
2018-07-18,Taiwan,Xialiao_Beach,25.21469,121.65406,C,13,1,5,microplastics,1636,19,2,5,13,19,3,0
2018-07-18,Taiwan,Xialiao_Beach,25.21469,121.65406,C,14,1,5,microplastics,1518,15,12,2,13,15,7,1
2018-07-18,Taiwan,Xialiao_Beach,25.21469,121.65406,C,15,1,5,microplastics,32,0,0,2,0,1,2,0
2018-07-18,Taiwan,Xialiao_Beach,25.21469,121.65406,C,16,1,5,microplastics,127,3,0,1,3,2,2,0
2018-07-18,Taiwan,Xialiao_Beach,25.21469,121.65406,C,17,1,5,microplastics,41,4,3,0,1,5,1,0
2018-07-18,Taiwan,Xialiao_Beach,25.21469,121.65406,C,18,1,5,microplastics,33,4,0,0,1,5,0,1
2018-07-18,Taiwan,Xialiao_Beach,25.21469,121.65406,C,19,1,5,microplastics,1,0,0,0,1,0,0,0
2018-07-18,Taiwan,Xialiao_Beach,25.21469,121.65406,C,20,1,5,microplastics,6,2,0,0,0,0,0,0
2018-07-18,Taiwan,Xialiao_Beach,25.21469,121.65406,C,21,1,5,microplastics,1,0,0,0,0,0,0,0
2018-07-18,Taiwan,Xialiao_Beach,25.21469,121.65406,C,22,1,5,microplastics,0,0,0,0,0,0,0,0
2018-07-18,Taiwan,Xialiao_Beach,25.21469,121.65406,A,1,5,25,mesoplastics,5,0,1,0,0,0,0,0
2018-07-18,Taiwan,Xialiao_Beach,25.21469,121.65406,A,2,5,25,mesoplastics,59,2,0,0,2,0,1,0
2018-07-18,Taiwan,Xialiao_Beach,25.21469,121.65406,A,3,5,25,mesoplastics,20,0,1,1,1,0,0,0
2018-07-18,Taiwan,Xialiao_Beach,25.21469,121.65406,A,4,5,25,mesoplastics,23,0,0,0,2,0,0,0
2018-07-18,Taiwan,Xialiao_Beach,25.21469,121.65406,A,5,5,25,mesoplastics,157,0,0,1,4,0,1,0
2018-07-18,Taiwan,Xialiao_Beach,25.21469,121.65406,A,6,5,25,mesoplastics,320,1,0,4,10,8,6,1
2018-07-18,Taiwan,Xialiao_Beach,25.21469,121.65406,A,7,5,25,mesoplastics,32,0,1,0,4,2,0,0
2018-07-18,Taiwan,Xialiao_Beach,25.21469,121.65406,A,8,5,25,mesoplastics,13,2,0,1,0,3,0,0
2018-07-18,Taiwan,Xialiao_Beach,25.21469,121.65406,A,9,5,25,mesoplastics,6,1,1,1,0,0,2,0
2018-07-18,Taiwan,Xialiao_Beach,25.21469,121.65406,A,10,5,25,mesoplastics,14,1,0,0,0,0,1,1
2018-07-18,Taiwan,Xialiao_Beach,25.21469,121.65406,A,11,5,25,mesoplastics,12,1,1,0,3,0,1,0
2018-07-18,Taiwan,Xialiao_Beach,25.21469,121.65406,A,12,5,25,mesoplastics,30,4,0,3,4,3,4,1
2018-07-18,Taiwan,Xialiao_Beach,25.21469,121.65406,A,13,5,25,mesoplastics,31,2,2,5,2,4,6,0
2018-07-18,Taiwan,Xialiao_Beach,25.21469,121.65406,A,14,5,25,mesoplastics,38,1,2,4,4,1,1,0
2018-07-18,Taiwan,Xialiao_Beach,25.21469,121.65406,A,15,5,25,mesoplastics,62,4,3,1,3,2,5,0
2018-07-18,Taiwan,Xialiao_Beach,25.21469,121.65406,A,16,5,25,mesoplastics,75,9,5,6,5,13,6,0
2018-07-18,Taiwan,Xialiao_Beach,25.21469,121.65406,A,17,5,25,mesoplastics,5,1,0,0,1,0,1,1
2018-07-18,Taiwan,Xialiao_Beach,25.21469,121.65406,A,18,5,25,mesoplastics,4,0,0,0,0,0,0,0
2018-07-18,Taiwan,Xialiao_Beach,25.21469,121.65406,A,19,5,25,mesoplastics,0,0,0,0,0,0,0,0
2018-07-18,Taiwan,Xialiao_Beach,25.21469,121.65406,A,20,5,25,mesoplastics,0,0,0,0,0,0,0,0
2018-07-18,Taiwan,Xialiao_Beach,25.21469,121.65406,A,21,5,25,mesoplastics,0,0,0,0,0,0,0,0
2018-07-18,Taiwan,Xialiao_Beach,25.21469,121.65406,A,22,5,25,mesoplastics,0,0,0,0,0,0,0,0
2018-07-18,Taiwan,Xialiao_Beach,25.21469,121.65406,B,1,5,25,mesoplastics,5,0,0,0,0,1,0,0
2018-07-18,Taiwan,Xialiao_Beach,25.21469,121.65406,B,2,5,25,mesoplastics,23,0,0,0,0,0,0,0
2018-07-18,Taiwan,Xialiao_Beach,25.21469,121.65406,B,3,5,25,mesoplastics,49,0,0,0,0,0,0,1
2018-07-18,Taiwan,Xialiao_Beach,25.21469,121.65406,B,4,5,25,mesoplastics,37,0,0,0,2,0,0,0
2018-07-18,Taiwan,Xialiao_Beach,25.21469,121.65406,B,5,5,25,mesoplastics,25,0,0,0,0,0,0,0
2018-07-18,Taiwan,Xialiao_Beach,25.21469,121.65406,B,6,5,25,mesoplastics,738,33,19,13,16,19,33,1
2018-07-18,Taiwan,Xialiao_Beach,25.21469,121.65406,B,7,5,25,mesoplastics,18,1,2,1,3,3,2,0
2018-07-18,Taiwan,Xialiao_Beach,25.21469,121.65406,B,8,5,25,mesoplastics,26,1,1,2,1,2,9,1
2018-07-18,Taiwan,Xialiao_Beach,25.21469,121.65406,B,9,5,25,mesoplastics,14,2,2,4,2,1,1,0
2018-07-18,Taiwan,Xialiao_Beach,25.21469,121.65406,B,10,5,25,mesoplastics,12,1,0,1,1,1,6,0
2018-07-18,Taiwan,Xialiao_Beach,25.21469,121.65406,B,11,5,25,mesoplastics,17,2,1,1,0,1,2,0
2018-07-18,Taiwan,Xialiao_Beach,25.21469,121.65406,B,12,5,25,mesoplastics,15,3,0,1,0,3,0,0
2018-07-18,Taiwan,Xialiao_Beach,25.21469,121.65406,B,13,5,25,mesoplastics,19,2,1,1,1,3,3,0
2018-07-18,Taiwan,Xialiao_Beach,25.21469,121.65406,B,14,5,25,mesoplastics,187,18,8,9,8,21,13,1
2018-07-18,Taiwan,Xialiao_Beach,25.21469,121.65406,B,15,5,25,mesoplastics,9,1,0,2,2,1,3,0
2018-07-18,Taiwan,Xialiao_Beach,25.21469,121.65406,B,16,5,25,mesoplastics,6,1,0,0,2,1,3,0
2018-07-18,Taiwan,Xialiao_Beach,25.21469,121.65406,B,17,5,25,mesoplastics,8,2,0,0,0,0,1,0
2018-07-18,Taiwan,Xialiao_Beach,25.21469,121.65406,B,18,5,25,mesoplastics,5,0,0,0,0,0,0,0
2018-07-18,Taiwan,Xialiao_Beach,25.21469,121.65406,B,19,5,25,mesoplastics,1,0,0,0,0,0,0,0
2018-07-18,Taiwan,Xialiao_Beach,25.21469,121.65406,B,20,5,25,mesoplastics,0,0,0,0,0,0,0,0
2018-07-18,Taiwan,Xialiao_Beach,25.21469,121.65406,B,21,5,25,mesoplastics,0,0,0,0,0,0,0,0
2018-07-18,Taiwan,Xialiao_Beach,25.21469,121.65406,B,22,5,25,mesoplastics,0,0,0,0,0,0,0,0
2018-07-18,Taiwan,Xialiao_Beach,25.21469,121.65406,C,1,5,25,mesoplastics,4,0,0,0,0,0,0,0
2018-07-18,Taiwan,Xialiao_Beach,25.21469,121.65406,C,2,5,25,mesoplastics,4,0,0,0,0,0,0,0
2018-07-18,Taiwan,Xialiao_Beach,25.21469,121.65406,C,3,5,25,mesoplastics,11,0,0,0,1,0,1,0
2018-07-18,Taiwan,Xialiao_Beach,25.21469,121.65406,C,4,5,25,mesoplastics,6,0,0,0,0,0,0,0
2018-07-18,Taiwan,Xialiao_Beach,25.21469,121.65406,C,5,5,25,mesoplastics,3,0,0,0,1,0,0,0
2018-07-18,Taiwan,Xialiao_Beach,25.21469,121.65406,C,6,5,25,mesoplastics,8,1,0,0,1,0,2,0
2018-07-18,Taiwan,Xialiao_Beach,25.21469,121.65406,C,7,5,25,mesoplastics,20,1,2,2,3,1,0,1
2018-07-18,Taiwan,Xialiao_Beach,25.21469,121.65406,C,8,5,25,mesoplastics,13,2,2,0,4,1,3,0
2018-07-18,Taiwan,Xialiao_Beach,25.21469,121.65406,C,9,5,25,mesoplastics,5,0,0,0,1,0,0,0
2018-07-18,Taiwan,Xialiao_Beach,25.21469,121.65406,C,10,5,25,mesoplastics,2,0,1,0,2,0,0,0
2018-07-18,Taiwan,Xialiao_Beach,25.21469,121.65406,C,11,5,25,mesoplastics,7,2,0,0,1,1,1,0
2018-07-18,Taiwan,Xialiao_Beach,25.21469,121.65406,C,12,5,25,mesoplastics,61,4,3,4,5,7,5,2
2018-07-18,Taiwan,Xialiao_Beach,25.21469,121.65406,C,13,5,25,mesoplastics,110,3,1,12,6,5,7,0
2018-07-18,Taiwan,Xialiao_Beach,25.21469,121.65406,C,14,5,25,mesoplastics,106,6,5,9,5,8,5,1
2018-07-18,Taiwan,Xialiao_Beach,25.21469,121.65406,C,15,5,25,mesoplastics,13,0,0,0,1,0,2,0
2018-07-18,Taiwan,Xialiao_Beach,25.21469,121.65406,C,16,5,25,mesoplastics,12,0,0,1,1,0,1,0
2018-07-18,Taiwan,Xialiao_Beach,25.21469,121.65406,C,17,5,25,mesoplastics,11,0,1,1,1,1,1,0
2018-07-18,Taiwan,Xialiao_Beach,25.21469,121.65406,C,18,5,25,mesoplastics,10,1,0,0,0,1,0,0
2018-07-18,Taiwan,Xialiao_Beach,25.21469,121.65406,C,19,5,25,mesoplastics,0,0,0,0,0,0,0,0
2018-07-18,Taiwan,Xialiao_Beach,25.21469,121.65406,C,20,5,25,mesoplastics,2,0,1,0,0,1,0,0
2018-07-18,Taiwan,Xialiao_Beach,25.21469,121.65406,C,21,5,25,mesoplastics,0,0,0,0,0,0,0,0
2018-07-18,Taiwan,Xialiao_Beach,25.21469,121.65406,C,22,5,25,mesoplastics,0,0,0,0,0,0,0,0
2019-01-29,Taiwan,Xialiao_Beach,25.21469,121.65406,A,5,1,5,microplastics,101,0,0,0,0,1,0,0
2019-01-29,Taiwan,Xialiao_Beach,25.21469,121.65406,A,6,1,5,microplastics,398,0,1,0,2,0,1,0
2019-01-29,Taiwan,Xialiao_Beach,25.21469,121.65406,A,7,1,5,microplastics,320,4,3,1,4,3,0,0
2019-01-29,Taiwan,Xialiao_Beach,25.21469,121.65406,A,8,1,5,microplastics,109,0,1,0,1,0,0,0
2019-01-29,Taiwan,Xialiao_Beach,25.21469,121.65406,A,9,1,5,microplastics,28,0,0,0,4,1,0,0
2019-01-29,Taiwan,Xialiao_Beach,25.21469,121.65406,A,10,1,5,microplastics,269,1,2,2,4,1,0,1
2019-01-29,Taiwan,Xialiao_Beach,25.21469,121.65406,A,11,1,5,microplastics,155,1,0,1,2,1,3,0
2019-01-29,Taiwan,Xialiao_Beach,25.21469,121.65406,A,12,1,5,microplastics,141,1,2,1,2,4,2,0
2019-01-29,Taiwan,Xialiao_Beach,25.21469,121.65406,A,13,1,5,microplastics,43,0,0,1,1,2,2,0
2019-01-29,Taiwan,Xialiao_Beach,25.21469,121.65406,A,14,1,5,microplastics,272,4,3,4,5,9,6,1
2019-01-29,Taiwan,Xialiao_Beach,25.21469,121.65406,A,15,1,5,microplastics,59,3,0,2,1,4,3,0
2019-01-29,Taiwan,Xialiao_Beach,25.21469,121.65406,A,16,1,5,microplastics,13,1,1,1,0,0,0,0
2019-01-29,Taiwan,Xialiao_Beach,25.21469,121.65406,A,17,1,5,microplastics,22,1,0,0,0,0,0,0
2019-01-29,Taiwan,Xialiao_Beach,25.21469,121.65406,A,18,1,5,microplastics,49,1,0,0,0,2,0,0
2019-01-29,Taiwan,Xialiao_Beach,25.21469,121.65406,A,19,1,5,microplastics,5,0,0,1,0,0,0,0
2019-01-29,Taiwan,Xialiao_Beach,25.21469,121.65406,A,20,1,5,microplastics,0,0,0,0,0,0,0,0
2019-01-29,Taiwan,Xialiao_Beach,25.21469,121.65406,A,21,1,5,microplastics,0,0,0,0,0,0,0,0
2019-01-29,Taiwan,Xialiao_Beach,25.21469,121.65406,A,22,1,5,microplastics,0,0,0,0,0,0,0,0
2019-01-29,Taiwan,Xialiao_Beach,25.21469,121.65406,A,23,1,5,microplastics,3,0,0,0,0,0,0,0
2019-01-29,Taiwan,Xialiao_Beach,25.21469,121.65406,A,24,1,5,microplastics,363,4,4,3,3,8,4,0
2019-01-29,Taiwan,Xialiao_Beach,25.21469,121.65406,B,5,1,5,microplastics,273,0,0,0,0,2,2,0
2019-01-29,Taiwan,Xialiao_Beach,25.21469,121.65406,B,6,1,5,microplastics,172,0,1,1,1,1,0,0
2019-01-29,Taiwan,Xialiao_Beach,25.21469,121.65406,B,7,1,5,microplastics,261,2,1,0,4,0,2,0
2019-01-29,Taiwan,Xialiao_Beach,25.21469,121.65406,B,8,1,5,microplastics,36,2,0,0,0,1,0,0
2019-01-29,Taiwan,Xialiao_Beach,25.21469,121.65406,B,9,1,5,microplastics,71,0,2,1,1,1,0,0
2019-01-29,Taiwan,Xialiao_Beach,25.21469,121.65406,B,10,1,5,microplastics,103,0,2,0,2,2,0,0
2019-01-29,Taiwan,Xialiao_Beach,25.21469,121.65406,B,11,1,5,microplastics,113,3,2,1,2,1,1,0
2019-01-29,Taiwan,Xialiao_Beach,25.21469,121.65406,B,12,1,5,microplastics,241,2,0,0,2,4,2,0
2019-01-29,Taiwan,Xialiao_Beach,25.21469,121.65406,B,13,1,5,microplastics,60,3,1,2,0,2,0,0
2019-01-29,Taiwan,Xialiao_Beach,25.21469,121.65406,B,14,1,5,microplastics,262,4,4,6,6,6,6,0
2019-01-29,Taiwan,Xialiao_Beach,25.21469,121.65406,B,15,1,5,microplastics,38,1,1,0,1,2,1,0
2019-01-29,Taiwan,Xialiao_Beach,25.21469,121.65406,B,16,1,5,microplastics,9,0,0,0,0,0,1,0
2019-01-29,Taiwan,Xialiao_Beach,25.21469,121.65406,B,17,1,5,microplastics,14,0,2,0,0,2,2,0
2019-01-29,Taiwan,Xialiao_Beach,25.21469,121.65406,B,18,1,5,microplastics,54,1,1,0,0,0,0,0
2019-01-29,Taiwan,Xialiao_Beach,25.21469,121.65406,B,19,1,5,microplastics,0,0,0,0,0,0,0,0
2019-01-29,Taiwan,Xialiao_Beach,25.21469,121.65406,B,20,1,5,microplastics,0,0,0,0,0,0,0,0
2019-01-29,Taiwan,Xialiao_Beach,25.21469,121.65406,B,21,1,5,microplastics,0,0,0,0,0,0,0,0
2019-01-29,Taiwan,Xialiao_Beach,25.21469,121.65406,B,22,1,5,microplastics,1,1,0,0,0,0,1,0
2019-01-29,Taiwan,Xialiao_Beach,25.21469,121.65406,B,23,1,5,microplastics,1,0,0,0,0,0,0,0
2019-01-29,Taiwan,Xialiao_Beach,25.21469,121.65406,B,24,1,5,microplastics,162,2,2,0,1,2,2,0
2019-01-29,Taiwan,Xialiao_Beach,25.21469,121.65406,C,5,1,5,microplastics,177,0,0,0,0,0,1,0
2019-01-29,Taiwan,Xialiao_Beach,25.21469,121.65406,C,6,1,5,microplastics,189,0,0,0,1,1,0,0
2019-01-29,Taiwan,Xialiao_Beach,25.21469,121.65406,C,7,1,5,microplastics,97,1,1,0,1,0,0,0
2019-01-29,Taiwan,Xialiao_Beach,25.21469,121.65406,C,8,1,5,microplastics,97,1,0,0,0,1,0,0
2019-01-29,Taiwan,Xialiao_Beach,25.21469,121.65406,C,9,1,5,microplastics,27,0,1,0,0,0,0,0
2019-01-29,Taiwan,Xialiao_Beach,25.21469,121.65406,C,10,1,5,microplastics,108,1,1,0,2,1,1,0
2019-01-29,Taiwan,Xialiao_Beach,25.21469,121.65406,C,11,1,5,microplastics,160,0,3,2,1,1,1,0
2019-01-29,Taiwan,Xialiao_Beach,25.21469,121.65406,C,12,1,5,microplastics,246,3,5,3,5,4,2,1
2019-01-29,Taiwan,Xialiao_Beach,25.21469,121.65406,C,13,1,5,microplastics,239,9,3,1,2,2,2,1
2019-01-29,Taiwan,Xialiao_Beach,25.21469,121.65406,C,14,1,5,microplastics,89,4,1,2,1,1,2,0
2019-01-29,Taiwan,Xialiao_Beach,25.21469,121.65406,C,15,1,5,microplastics,98,6,2,1,1,3,9,0
2019-01-29,Taiwan,Xialiao_Beach,25.21469,121.65406,C,16,1,5,microplastics,18,0,0,0,1,0,2,0
2019-01-29,Taiwan,Xialiao_Beach,25.21469,121.65406,C,17,1,5,microplastics,17,1,0,0,0,0,0,0
2019-01-29,Taiwan,Xialiao_Beach,25.21469,121.65406,C,18,1,5,microplastics,12,0,1,1,1,0,0,0
2019-01-29,Taiwan,Xialiao_Beach,25.21469,121.65406,C,19,1,5,microplastics,0,0,0,0,0,0,0,0
2019-01-29,Taiwan,Xialiao_Beach,25.21469,121.65406,C,20,1,5,microplastics,0,0,0,0,0,0,0,0
2019-01-29,Taiwan,Xialiao_Beach,25.21469,121.65406,C,21,1,5,microplastics,1,0,0,0,0,0,0,0
2019-01-29,Taiwan,Xialiao_Beach,25.21469,121.65406,C,22,1,5,microplastics,0,0,0,0,0,1,0,0
2019-01-29,Taiwan,Xialiao_Beach,25.21469,121.65406,C,23,1,5,microplastics,0,0,0,0,0,0,0,0
2019-01-29,Taiwan,Xialiao_Beach,25.21469,121.65406,C,24,1,5,microplastics,143,4,0,2,3,5,3,0
2019-01-29,Taiwan,Xialiao_Beach,25.21469,121.65406,A,5,5,25,mesoplastics,13,0,0,0,0,0,0,0
2019-01-29,Taiwan,Xialiao_Beach,25.21469,121.65406,A,6,5,25,mesoplastics,42,0,0,0,0,0,1,0
2019-01-29,Taiwan,Xialiao_Beach,25.21469,121.65406,A,7,5,25,mesoplastics,26,1,4,0,0,0,0,0
2019-01-29,Taiwan,Xialiao_Beach,25.21469,121.65406,A,8,5,25,mesoplastics,12,1,1,0,1,0,0,0
2019-01-29,Taiwan,Xialiao_Beach,25.21469,121.65406,A,9,5,25,mesoplastics,4,0,0,1,0,1,0,0
2019-01-29,Taiwan,Xialiao_Beach,25.21469,121.65406,A,10,5,25,mesoplastics,31,1,1,0,2,0,0,0
2019-01-29,Taiwan,Xialiao_Beach,25.21469,121.65406,A,11,5,25,mesoplastics,17,1,0,1,1,0,1,0
2019-01-29,Taiwan,Xialiao_Beach,25.21469,121.65406,A,12,5,25,mesoplastics,8,0,1,0,0,0,0,0
2019-01-29,Taiwan,Xialiao_Beach,25.21469,121.65406,A,13,5,25,mesoplastics,1,1,0,1,0,0,0,0
2019-01-29,Taiwan,Xialiao_Beach,25.21469,121.65406,A,14,5,25,mesoplastics,31,1,2,1,2,1,1,1
2019-01-29,Taiwan,Xialiao_Beach,25.21469,121.65406,A,15,5,25,mesoplastics,7,0,2,0,1,1,1,0
2019-01-29,Taiwan,Xialiao_Beach,25.21469,121.65406,A,16,5,25,mesoplastics,1,0,0,0,0,0,1,0
2019-01-29,Taiwan,Xialiao_Beach,25.21469,121.65406,A,17,5,25,mesoplastics,0,0,0,0,0,0,0,0
2019-01-29,Taiwan,Xialiao_Beach,25.21469,121.65406,A,18,5,25,mesoplastics,2,0,0,0,0,0,0,0
2019-01-29,Taiwan,Xialiao_Beach,25.21469,121.65406,A,19,5,25,mesoplastics,0,0,0,0,0,0,0,0
2019-01-29,Taiwan,Xialiao_Beach,25.21469,121.65406,A,20,5,25,mesoplastics,0,0,0,0,0,0,0,0
2019-01-29,Taiwan,Xialiao_Beach,25.21469,121.65406,A,21,5,25,mesoplastics,0,0,0,0,0,0,0,0
2019-01-29,Taiwan,Xialiao_Beach,25.21469,121.65406,A,22,5,25,mesoplastics,0,0,0,0,0,0,0,0
2019-01-29,Taiwan,Xialiao_Beach,25.21469,121.65406,A,23,5,25,mesoplastics,0,0,0,0,0,0,0,0
2019-01-29,Taiwan,Xialiao_Beach,25.21469,121.65406,A,24,5,25,mesoplastics,3,1,0,0,0,0,0,0
2019-01-29,Taiwan,Xialiao_Beach,25.21469,121.65406,B,5,5,25,mesoplastics,20,0,1,0,2,0,1,0
2019-01-29,Taiwan,Xialiao_Beach,25.21469,121.65406,B,6,5,25,mesoplastics,11,0,0,0,1,0,0,0
2019-01-29,Taiwan,Xialiao_Beach,25.21469,121.65406,B,7,5,25,mesoplastics,23,1,0,1,1,0,0,0
2019-01-29,Taiwan,Xialiao_Beach,25.21469,121.65406,B,8,5,25,mesoplastics,3,0,0,0,3,0,0,0
2019-01-29,Taiwan,Xialiao_Beach,25.21469,121.65406,B,9,5,25,mesoplastics,12,0,1,1,2,0,1,0
2019-01-29,Taiwan,Xialiao_Beach,25.21469,121.65406,B,10,5,25,mesoplastics,12,0,1,1,0,1,0,0
2019-01-29,Taiwan,Xialiao_Beach,25.21469,121.65406,B,11,5,25,mesoplastics,15,2,2,1,1,0,1,0
2019-01-29,Taiwan,Xialiao_Beach,25.21469,121.65406,B,12,5,25,mesoplastics,19,2,2,1,0,1,0,0
2019-01-29,Taiwan,Xialiao_Beach,25.21469,121.65406,B,13,5,25,mesoplastics,7,1,0,2,0,0,0,0
2019-01-29,Taiwan,Xialiao_Beach,25.21469,121.65406,B,14,5,25,mesoplastics,50,0,2,0,2,2,2,0
2019-01-29,Taiwan,Xialiao_Beach,25.21469,121.65406,B,15,5,25,mesoplastics,7,0,1,0,0,0,1,0
2019-01-29,Taiwan,Xialiao_Beach,25.21469,121.65406,B,16,5,25,mesoplastics,1,0,0,0,0,0,0,0
2019-01-29,Taiwan,Xialiao_Beach,25.21469,121.65406,B,17,5,25,mesoplastics,0,0,0,1,1,0,0,0
2019-01-29,Taiwan,Xialiao_Beach,25.21469,121.65406,B,18,5,25,mesoplastics,3,0,0,0,0,0,0,0
2019-01-29,Taiwan,Xialiao_Beach,25.21469,121.65406,B,19,5,25,mesoplastics,0,0,0,0,0,0,0,0
2019-01-29,Taiwan,Xialiao_Beach,25.21469,121.65406,B,20,5,25,mesoplastics,0,0,0,0,0,0,0,0
2019-01-29,Taiwan,Xialiao_Beach,25.21469,121.65406,B,21,5,25,mesoplastics,0,0,0,0,0,0,0,0
2019-01-29,Taiwan,Xialiao_Beach,25.21469,121.65406,B,22,5,25,mesoplastics,0,0,0,0,0,0,0,0
2019-01-29,Taiwan,Xialiao_Beach,25.21469,121.65406,B,23,5,25,mesoplastics,0,0,0,0,0,0,0,0
2019-01-29,Taiwan,Xialiao_Beach,25.21469,121.65406,B,24,5,25,mesoplastics,0,0,0,0,0,0,0,0
2019-01-29,Taiwan,Xialiao_Beach,25.21469,121.65406,C,5,5,25,mesoplastics,10,0,0,0,1,0,0,0
2019-01-29,Taiwan,Xialiao_Beach,25.21469,121.65406,C,6,5,25,mesoplastics,12,0,0,0,1,0,1,0
2019-01-29,Taiwan,Xialiao_Beach,25.21469,121.65406,C,7,5,25,mesoplastics,16,1,0,0,1,1,1,0
2019-01-29,Taiwan,Xialiao_Beach,25.21469,121.65406,C,8,5,25,mesoplastics,5,0,1,0,2,0,0,0
2019-01-29,Taiwan,Xialiao_Beach,25.21469,121.65406,C,9,5,25,mesoplastics,1,0,0,0,0,0,0,0
2019-01-29,Taiwan,Xialiao_Beach,25.21469,121.65406,C,10,5,25,mesoplastics,12,0,0,0,1,0,0,0
2019-01-29,Taiwan,Xialiao_Beach,25.21469,121.65406,C,11,5,25,mesoplastics,14,1,0,2,1,0,2,0
2019-01-29,Taiwan,Xialiao_Beach,25.21469,121.65406,C,12,5,25,mesoplastics,15,1,1,0,0,0,1,0
2019-01-29,Taiwan,Xialiao_Beach,25.21469,121.65406,C,13,5,25,mesoplastics,19,1,2,0,0,1,2,0
2019-01-29,Taiwan,Xialiao_Beach,25.21469,121.65406,C,14,5,25,mesoplastics,5,0,0,1,0,1,1,0
2019-01-29,Taiwan,Xialiao_Beach,25.21469,121.65406,C,15,5,25,mesoplastics,0,3,0,0,0,2,0,0
2019-01-29,Taiwan,Xialiao_Beach,25.21469,121.65406,C,16,5,25,mesoplastics,2,1,0,0,0,1,0,0
2019-01-29,Taiwan,Xialiao_Beach,25.21469,121.65406,C,17,5,25,mesoplastics,1,0,0,0,0,1,0,0
2019-01-29,Taiwan,Xialiao_Beach,25.21469,121.65406,C,18,5,25,mesoplastics,1,0,0,0,0,1,0,0
2019-01-29,Taiwan,Xialiao_Beach,25.21469,121.65406,C,19,5,25,mesoplastics,0,0,0,0,0,0,0,0
2019-01-29,Taiwan,Xialiao_Beach,25.21469,121.65406,C,20,5,25,mesoplastics,0,0,0,0,0,0,0,0
2019-01-29,Taiwan,Xialiao_Beach,25.21469,121.65406,C,21,5,25,mesoplastics,0,0,0,0,0,0,0,0
2019-01-29,Taiwan,Xialiao_Beach,25.21469,121.65406,C,22,5,25,mesoplastics,0,0,0,0,0,0,0,0
2019-01-29,Taiwan,Xialiao_Beach,25.21469,121.65406,C,23,5,25,mesoplastics,0,0,0,0,0,0,0,0
2019-01-29,Taiwan,Xialiao_Beach,25.21469,121.65406,C,24,5,25,mesoplastics,4,1,0,0,0,0,0,0
2019-05-24,Taiwan,Xialiao_Beach,25.21469,121.65406,A,5,1,5,microplastics,221,1,1,0,0,0,1,0
2019-05-24,Taiwan,Xialiao_Beach,25.21469,121.65406,A,6,1,5,microplastics,35,4,1,2,1,0,0,0
2019-05-24,Taiwan,Xialiao_Beach,25.21469,121.65406,A,7,1,5,microplastics,25,0,1,0,0,2,0,0
2019-05-24,Taiwan,Xialiao_Beach,25.21469,121.65406,A,8,1,5,microplastics,5,0,0,0,0,1,0,0
2019-05-24,Taiwan,Xialiao_Beach,25.21469,121.65406,A,9,1,5,microplastics,6,0,1,0,1,1,1,0
2019-05-24,Taiwan,Xialiao_Beach,25.21469,121.65406,A,10,1,5,microplastics,28,2,0,0,0,1,0,0
2019-05-24,Taiwan,Xialiao_Beach,25.21469,121.65406,A,11,1,5,microplastics,137,4,1,2,2,4,3,0
2019-05-24,Taiwan,Xialiao_Beach,25.21469,121.65406,A,12,1,5,microplastics,62,3,0,0,3,0,1,0
2019-05-24,Taiwan,Xialiao_Beach,25.21469,121.65406,A,13,1,5,microplastics,18,0,0,1,0,0,0,0
2019-05-24,Taiwan,Xialiao_Beach,25.21469,121.65406,A,14,1,5,microplastics,28,0,0,0,1,0,0,0
2019-05-24,Taiwan,Xialiao_Beach,25.21469,121.65406,A,15,1,5,microplastics,79,0,1,0,1,0,1,0
2019-05-24,Taiwan,Xialiao_Beach,25.21469,121.65406,A,16,1,5,microplastics,4,0,0,1,0,0,1,0
2019-05-24,Taiwan,Xialiao_Beach,25.21469,121.65406,A,17,1,5,microplastics,10,0,0,0,0,1,0,0
2019-05-24,Taiwan,Xialiao_Beach,25.21469,121.65406,A,18,1,5,microplastics,2,0,0,0,0,0,0,0
2019-05-24,Taiwan,Xialiao_Beach,25.21469,121.65406,A,19,1,5,microplastics,2,0,0,0,0,0,1,0
2019-05-24,Taiwan,Xialiao_Beach,25.21469,121.65406,A,20,1,5,microplastics,0,0,0,0,0,0,0,0
2019-05-24,Taiwan,Xialiao_Beach,25.21469,121.65406,A,21,1,5,microplastics,0,0,0,0,0,0,0,0
2019-05-24,Taiwan,Xialiao_Beach,25.21469,121.65406,A,22,1,5,microplastics,0,0,0,0,0,0,0,0
2019-05-24,Taiwan,Xialiao_Beach,25.21469,121.65406,A,23,1,5,microplastics,0,0,0,0,0,0,0,0
2019-05-24,Taiwan,Xialiao_Beach,25.21469,121.65406,A,24,1,5,microplastics,0,0,0,0,0,0,0,0
2019-05-24,Taiwan,Xialiao_Beach,25.21469,121.65406,B,5,1,5,microplastics,80,0,1,0,3,0,5,0
2019-05-24,Taiwan,Xialiao_Beach,25.21469,121.65406,B,6,1,5,microplastics,60,0,0,0,1,2,0,0
2019-05-24,Taiwan,Xialiao_Beach,25.21469,121.65406,B,7,1,5,microplastics,36,0,0,0,1,2,0,0
2019-05-24,Taiwan,Xialiao_Beach,25.21469,121.65406,B,8,1,5,microplastics,31,0,0,1,2,1,0,1
2019-05-24,Taiwan,Xialiao_Beach,25.21469,121.65406,B,9,1,5,microplastics,18,0,1,0,1,1,0,0
2019-05-24,Taiwan,Xialiao_Beach,25.21469,121.65406,B,10,1,5,microplastics,29,0,0,0,0,0,0,0
2019-05-24,Taiwan,Xialiao_Beach,25.21469,121.65406,B,11,1,5,microplastics,63,4,0,0,0,3,2,0
2019-05-24,Taiwan,Xialiao_Beach,25.21469,121.65406,B,12,1,5,microplastics,55,0,0,0,0,0,2,0
2019-05-24,Taiwan,Xialiao_Beach,25.21469,121.65406,B,13,1,5,microplastics,13,0,0,1,0,1,0,0
2019-05-24,Taiwan,Xialiao_Beach,25.21469,121.65406,B,14,1,5,microplastics,18,0,0,0,1,1,1,1
2019-05-24,Taiwan,Xialiao_Beach,25.21469,121.65406,B,15,1,5,microplastics,44,0,0,1,0,1,0,0
2019-05-24,Taiwan,Xialiao_Beach,25.21469,121.65406,B,16,1,5,microplastics,18,1,0,0,0,1,0,0
2019-05-24,Taiwan,Xialiao_Beach,25.21469,121.65406,B,17,1,5,microplastics,13,0,0,1,1,2,0,0
2019-05-24,Taiwan,Xialiao_Beach,25.21469,121.65406,B,18,1,5,microplastics,26,1,0,0,1,4,1,1
2019-05-24,Taiwan,Xialiao_Beach,25.21469,121.65406,B,19,1,5,microplastics,5,0,0,2,0,0,0,0
2019-05-24,Taiwan,Xialiao_Beach,25.21469,121.65406,B,20,1,5,microplastics,0,0,0,0,0,0,0,0
2019-05-24,Taiwan,Xialiao_Beach,25.21469,121.65406,B,21,1,5,microplastics,0,0,0,3,0,0,0,0
2019-05-24,Taiwan,Xialiao_Beach,25.21469,121.65406,B,22,1,5,microplastics,0,0,0,0,0,0,0,0
2019-05-24,Taiwan,Xialiao_Beach,25.21469,121.65406,B,23,1,5,microplastics,1,0,0,0,0,0,0,0
2019-05-24,Taiwan,Xialiao_Beach,25.21469,121.65406,B,24,1,5,microplastics,1,0,0,0,0,0,0,0
2019-05-24,Taiwan,Xialiao_Beach,25.21469,121.65406,C,5,1,5,microplastics,128,0,0,0,1,0,0,0
2019-05-24,Taiwan,Xialiao_Beach,25.21469,121.65406,C,6,1,5,microplastics,115,0,0,0,1,1,0,0
2019-05-24,Taiwan,Xialiao_Beach,25.21469,121.65406,C,7,1,5,microplastics,136,0,0,0,6,1,0,0
2019-05-24,Taiwan,Xialiao_Beach,25.21469,121.65406,C,8,1,5,microplastics,4,0,0,0,0,0,0,0
2019-05-24,Taiwan,Xialiao_Beach,25.21469,121.65406,C,9,1,5,microplastics,27,0,0,2,2,0,1,0
2019-05-24,Taiwan,Xialiao_Beach,25.21469,121.65406,C,10,1,5,microplastics,65,0,1,0,1,1,1,0
2019-05-24,Taiwan,Xialiao_Beach,25.21469,121.65406,C,11,1,5,microplastics,108,2,1,0,3,1,1,0
2019-05-24,Taiwan,Xialiao_Beach,25.21469,121.65406,C,12,1,5,microplastics,146,2,0,0,4,8,0,0
2019-05-24,Taiwan,Xialiao_Beach,25.21469,121.65406,C,13,1,5,microplastics,29,0,0,1,0,1,1,0
2019-05-24,Taiwan,Xialiao_Beach,25.21469,121.65406,C,14,1,5,microplastics,29,0,0,0,1,2,1,0
2019-05-24,Taiwan,Xialiao_Beach,25.21469,121.65406,C,15,1,5,microplastics,21,0,0,0,0,1,0,0
2019-05-24,Taiwan,Xialiao_Beach,25.21469,121.65406,C,16,1,5,microplastics,12,1,0,0,0,0,1,0
2019-05-24,Taiwan,Xialiao_Beach,25.21469,121.65406,C,17,1,5,microplastics,6,0,0,0,0,0,0,0
2019-05-24,Taiwan,Xialiao_Beach,25.21469,121.65406,C,18,1,5,microplastics,16,1,0,2,1,1,0,0
2019-05-24,Taiwan,Xialiao_Beach,25.21469,121.65406,C,19,1,5,microplastics,0,0,2,0,0,0,0,0
2019-05-24,Taiwan,Xialiao_Beach,25.21469,121.65406,C,20,1,5,microplastics,0,0,0,0,0,0,0,0
2019-05-24,Taiwan,Xialiao_Beach,25.21469,121.65406,C,21,1,5,microplastics,0,0,0,0,0,0,0,0
2019-05-24,Taiwan,Xialiao_Beach,25.21469,121.65406,C,22,1,5,microplastics,0,0,0,0,0,0,0,0
2019-05-24,Taiwan,Xialiao_Beach,25.21469,121.65406,C,23,1,5,microplastics,0,0,0,0,0,0,0,0
2019-05-24,Taiwan,Xialiao_Beach,25.21469,121.65406,C,24,1,5,microplastics,0,0,0,0,0,0,0,0
2019-05-24,Taiwan,Xialiao_Beach,25.21469,121.65406,A,5,5,25,mesoplastics,7,0,0,0,0,0,0,0
2019-05-24,Taiwan,Xialiao_Beach,25.21469,121.65406,A,6,5,25,mesoplastics,4,0,0,0,0,0,0,0
2019-05-24,Taiwan,Xialiao_Beach,25.21469,121.65406,A,7,5,25,mesoplastics,4,0,0,0,0,0,0,0
2019-05-24,Taiwan,Xialiao_Beach,25.21469,121.65406,A,8,5,25,mesoplastics,1,0,0,0,0,0,0,0
2019-05-24,Taiwan,Xialiao_Beach,25.21469,121.65406,A,9,5,25,mesoplastics,1,0,0,0,0,0,0,0
2019-05-24,Taiwan,Xialiao_Beach,25.21469,121.65406,A,10,5,25,mesoplastics,6,0,0,0,1,0,0,0
2019-05-24,Taiwan,Xialiao_Beach,25.21469,121.65406,A,11,5,25,mesoplastics,15,3,1,0,2,1,2,1
2019-05-24,Taiwan,Xialiao_Beach,25.21469,121.65406,A,12,5,25,mesoplastics,12,0,1,0,1,1,0,0
2019-05-24,Taiwan,Xialiao_Beach,25.21469,121.65406,A,13,5,25,mesoplastics,5,0,0,1,0,0,0,0
2019-05-24,Taiwan,Xialiao_Beach,25.21469,121.65406,A,14,5,25,mesoplastics,6,0,0,0,0,0,0,0
2019-05-24,Taiwan,Xialiao_Beach,25.21469,121.65406,A,15,5,25,mesoplastics,11,0,1,0,1,0,0,0
2019-05-24,Taiwan,Xialiao_Beach,25.21469,121.65406,A,16,5,25,mesoplastics,2,0,0,0,0,0,0,0
2019-05-24,Taiwan,Xialiao_Beach,25.21469,121.65406,A,17,5,25,mesoplastics,0,0,0,0,0,0,0,0
2019-05-24,Taiwan,Xialiao_Beach,25.21469,121.65406,A,18,5,25,mesoplastics,0,0,0,0,0,0,0,0
2019-05-24,Taiwan,Xialiao_Beach,25.21469,121.65406,A,19,5,25,mesoplastics,0,0,0,0,0,0,0,0
2019-05-24,Taiwan,Xialiao_Beach,25.21469,121.65406,A,20,5,25,mesoplastics,0,0,0,0,0,0,0,0
2019-05-24,Taiwan,Xialiao_Beach,25.21469,121.65406,A,21,5,25,mesoplastics,0,0,0,0,0,0,0,0
2019-05-24,Taiwan,Xialiao_Beach,25.21469,121.65406,A,22,5,25,mesoplastics,0,0,0,0,0,0,0,0
2019-05-24,Taiwan,Xialiao_Beach,25.21469,121.65406,A,23,5,25,mesoplastics,0,0,0,0,0,0,0,0
2019-05-24,Taiwan,Xialiao_Beach,25.21469,121.65406,A,24,5,25,mesoplastics,0,0,0,0,0,0,0,0
2019-05-24,Taiwan,Xialiao_Beach,25.21469,121.65406,B,5,5,25,mesoplastics,7,0,0,0,0,0,0,0
2019-05-24,Taiwan,Xialiao_Beach,25.21469,121.65406,B,6,5,25,mesoplastics,2,0,1,0,0,0,0,0
2019-05-24,Taiwan,Xialiao_Beach,25.21469,121.65406,B,7,5,25,mesoplastics,3,0,0,1,0,0,0,0
2019-05-24,Taiwan,Xialiao_Beach,25.21469,121.65406,B,8,5,25,mesoplastics,5,0,0,0,0,1,0,0
2019-05-24,Taiwan,Xialiao_Beach,25.21469,121.65406,B,9,5,25,mesoplastics,1,1,0,0,1,0,0,0
2019-05-24,Taiwan,Xialiao_Beach,25.21469,121.65406,B,10,5,25,mesoplastics,7,0,0,0,0,0,0,0
2019-05-24,Taiwan,Xialiao_Beach,25.21469,121.65406,B,11,5,25,mesoplastics,15,1,0,0,0,1,1,0
2019-05-24,Taiwan,Xialiao_Beach,25.21469,121.65406,B,12,5,25,mesoplastics,9,0,0,1,0,2,0,0
2019-05-24,Taiwan,Xialiao_Beach,25.21469,121.65406,B,13,5,25,mesoplastics,2,0,0,0,2,0,1,0
2019-05-24,Taiwan,Xialiao_Beach,25.21469,121.65406,B,14,5,25,mesoplastics,3,0,1,0,0,0,0,0
2019-05-24,Taiwan,Xialiao_Beach,25.21469,121.65406,B,15,5,25,mesoplastics,8,0,0,0,0,0,1,0
2019-05-24,Taiwan,Xialiao_Beach,25.21469,121.65406,B,16,5,25,mesoplastics,1,0,0,0,0,0,0,0
2019-05-24,Taiwan,Xialiao_Beach,25.21469,121.65406,B,17,5,25,mesoplastics,1,0,0,0,0,0,0,0
2019-05-24,Taiwan,Xialiao_Beach,25.21469,121.65406,B,18,5,25,mesoplastics,0,0,0,1,0,0,1,0
2019-05-24,Taiwan,Xialiao_Beach,25.21469,121.65406,B,19,5,25,mesoplastics,0,0,0,0,0,0,0,0
2019-05-24,Taiwan,Xialiao_Beach,25.21469,121.65406,B,20,5,25,mesoplastics,0,0,0,0,0,0,0,0
2019-05-24,Taiwan,Xialiao_Beach,25.21469,121.65406,B,21,5,25,mesoplastics,0,0,0,0,0,0,0,0
2019-05-24,Taiwan,Xialiao_Beach,25.21469,121.65406,B,22,5,25,mesoplastics,0,0,0,0,0,0,0,0
2019-05-24,Taiwan,Xialiao_Beach,25.21469,121.65406,B,23,5,25,mesoplastics,0,0,0,0,0,0,0,0
2019-05-24,Taiwan,Xialiao_Beach,25.21469,121.65406,B,24,5,25,mesoplastics,0,0,0,0,0,0,0,0
2019-05-24,Taiwan,Xialiao_Beach,25.21469,121.65406,C,5,5,25,mesoplastics,22,0,0,0,1,2,0,0
2019-05-24,Taiwan,Xialiao_Beach,25.21469,121.65406,C,6,5,25,mesoplastics,10,0,0,2,0,0,0,0
2019-05-24,Taiwan,Xialiao_Beach,25.21469,121.65406,C,7,5,25,mesoplastics,12,0,0,0,1,0,0,0
2019-05-24,Taiwan,Xialiao_Beach,25.21469,121.65406,C,8,5,25,mesoplastics,2,0,2,0,0,0,0,0
2019-05-24,Taiwan,Xialiao_Beach,25.21469,121.65406,C,9,5,25,mesoplastics,5,0,1,0,0,0,0,0
2019-05-24,Taiwan,Xialiao_Beach,25.21469,121.65406,C,10,5,25,mesoplastics,4,1,0,0,0,0,1,0
2019-05-24,Taiwan,Xialiao_Beach,25.21469,121.65406,C,11,5,25,mesoplastics,15,0,1,1,3,0,0,0
2019-05-24,Taiwan,Xialiao_Beach,25.21469,121.65406,C,12,5,25,mesoplastics,23,0,0,0,1,0,0,0
2019-05-24,Taiwan,Xialiao_Beach,25.21469,121.65406,C,13,5,25,mesoplastics,6,0,0,0,0,1,0,0
2019-05-24,Taiwan,Xialiao_Beach,25.21469,121.65406,C,14,5,25,mesoplastics,12,0,0,1,1,0,2,0
2019-05-24,Taiwan,Xialiao_Beach,25.21469,121.65406,C,15,5,25,mesoplastics,2,0,0,0,0,1,0,0
2019-05-24,Taiwan,Xialiao_Beach,25.21469,121.65406,C,16,5,25,mesoplastics,2,0,0,0,0,1,0,0
2019-05-24,Taiwan,Xialiao_Beach,25.21469,121.65406,C,17,5,25,mesoplastics,0,0,0,1,0,0,0,0
2019-05-24,Taiwan,Xialiao_Beach,25.21469,121.65406,C,18,5,25,mesoplastics,0,0,0,0,0,0,0,0
2019-05-24,Taiwan,Xialiao_Beach,25.21469,121.65406,C,19,5,25,mesoplastics,0,0,0,0,0,0,0,0
2019-05-24,Taiwan,Xialiao_Beach,25.21469,121.65406,C,20,5,25,mesoplastics,0,0,0,0,0,0,0,0
2019-05-24,Taiwan,Xialiao_Beach,25.21469,121.65406,C,21,5,25,mesoplastics,0,0,0,0,0,0,0,0
2019-05-24,Taiwan,Xialiao_Beach,25.21469,121.65406,C,22,5,25,mesoplastics,0,0,0,0,0,0,0,0
2019-05-24,Taiwan,Xialiao_Beach,25.21469,121.65406,C,23,5,25,mesoplastics,0,0,0,0,0,0,0,0
2019-05-24,Taiwan,Xialiao_Beach,25.21469,121.65406,C,24,5,25,mesoplastics,0,0,0,0,0,0,0,0
2019-08-12,Taiwan,Xialiao_Beach,25.21469,121.65406,A,5,1,5,microplastics,328,0,1,0,7,6,0,0
2019-08-12,Taiwan,Xialiao_Beach,25.21469,121.65406,A,6,1,5,microplastics,1239,1,3,2,7,2,2,0
2019-08-12,Taiwan,Xialiao_Beach,25.21469,121.65406,A,7,1,5,microplastics,50,0,1,0,0,0,1,0
2019-08-12,Taiwan,Xialiao_Beach,25.21469,121.65406,A,8,1,5,microplastics,16,0,0,0,0,0,0,0
2019-08-12,Taiwan,Xialiao_Beach,25.21469,121.65406,A,9,1,5,microplastics,21,0,0,0,0,1,1,0
2019-08-12,Taiwan,Xialiao_Beach,25.21469,121.65406,A,10,1,5,microplastics,1,0,0,0,0,0,0,0
2019-08-12,Taiwan,Xialiao_Beach,25.21469,121.65406,A,11,1,5,microplastics,3,0,0,0,0,0,0,0
2019-08-12,Taiwan,Xialiao_Beach,25.21469,121.65406,A,12,1,5,microplastics,7,0,0,0,0,0,0,0
2019-08-12,Taiwan,Xialiao_Beach,25.21469,121.65406,A,13,1,5,microplastics,628,3,1,0,10,1,1,0
2019-08-12,Taiwan,Xialiao_Beach,25.21469,121.65406,A,14,1,5,microplastics,102,0,0,2,1,0,0,0
2019-08-12,Taiwan,Xialiao_Beach,25.21469,121.65406,A,15,1,5,microplastics,10,0,0,0,0,0,0,0
2019-08-12,Taiwan,Xialiao_Beach,25.21469,121.65406,A,16,1,5,microplastics,20,0,0,0,0,0,1,0
2019-08-12,Taiwan,Xialiao_Beach,25.21469,121.65406,A,17,1,5,microplastics,58,1,0,0,0,0,0,0
2019-08-12,Taiwan,Xialiao_Beach,25.21469,121.65406,A,18,1,5,microplastics,21,1,0,0,1,0,0,0
2019-08-12,Taiwan,Xialiao_Beach,25.21469,121.65406,A,19,1,5,microplastics,8,0,0,0,0,0,0,0
2019-08-12,Taiwan,Xialiao_Beach,25.21469,121.65406,A,20,1,5,microplastics,1,0,0,0,0,0,0,0
2019-08-12,Taiwan,Xialiao_Beach,25.21469,121.65406,A,21,1,5,microplastics,0,0,0,0,0,0,0,0
2019-08-12,Taiwan,Xialiao_Beach,25.21469,121.65406,A,22,1,5,microplastics,0,0,0,0,0,0,0,0
2019-08-12,Taiwan,Xialiao_Beach,25.21469,121.65406,A,23,1,5,microplastics,1,0,0,0,0,0,0,0
2019-08-12,Taiwan,Xialiao_Beach,25.21469,121.65406,A,24,1,5,microplastics,0,0,0,0,0,0,0,0
2019-08-12,Taiwan,Xialiao_Beach,25.21469,121.65406,B,5,1,5,microplastics,68,0,0,1,2,0,0,0
2019-08-12,Taiwan,Xialiao_Beach,25.21469,121.65406,B,6,1,5,microplastics,596,0,2,2,5,5,1,0
2019-08-12,Taiwan,Xialiao_Beach,25.21469,121.65406,B,7,1,5,microplastics,19,1,0,0,0,0,0,0
2019-08-12,Taiwan,Xialiao_Beach,25.21469,121.65406,B,8,1,5,microplastics,37,0,0,0,1,0,0,0
2019-08-12,Taiwan,Xialiao_Beach,25.21469,121.65406,B,9,1,5,microplastics,325,0,0,0,2,0,0,0
2019-08-12,Taiwan,Xialiao_Beach,25.21469,121.65406,B,10,1,5,microplastics,367,0,1,0,5,0,1,0
2019-08-12,Taiwan,Xialiao_Beach,25.21469,121.65406,B,11,1,5,microplastics,76,2,0,0,2,0,1,1
2019-08-12,Taiwan,Xialiao_Beach,25.21469,121.65406,B,12,1,5,microplastics,115,2,0,0,0,0,0,0
2019-08-12,Taiwan,Xialiao_Beach,25.21469,121.65406,B,13,1,5,microplastics,35,0,0,1,0,0,0,0
2019-08-12,Taiwan,Xialiao_Beach,25.21469,121.65406,B,14,1,5,microplastics,3,0,0,1,0,0,0,0
2019-08-12,Taiwan,Xialiao_Beach,25.21469,121.65406,B,15,1,5,microplastics,20,1,0,0,0,0,0,0
2019-08-12,Taiwan,Xialiao_Beach,25.21469,121.65406,B,16,1,5,microplastics,121,1,1,0,2,0,0,0
2019-08-12,Taiwan,Xialiao_Beach,25.21469,121.65406,B,17,1,5,microplastics,21,1,0,0,0,0,0,0
2019-08-12,Taiwan,Xialiao_Beach,25.21469,121.65406,B,18,1,5,microplastics,32,1,1,0,0,0,0,0
2019-08-12,Taiwan,Xialiao_Beach,25.21469,121.65406,B,19,1,5,microplastics,4,0,0,0,0,0,0,0
2019-08-12,Taiwan,Xialiao_Beach,25.21469,121.65406,B,20,1,5,microplastics,0,0,0,0,0,0,0,0
2019-08-12,Taiwan,Xialiao_Beach,25.21469,121.65406,B,21,1,5,microplastics,0,0,0,0,0,0,0,0
2019-08-12,Taiwan,Xialiao_Beach,25.21469,121.65406,B,22,1,5,microplastics,0,0,0,0,0,0,0,0
2019-08-12,Taiwan,Xialiao_Beach,25.21469,121.65406,B,23,1,5,microplastics,6,0,0,0,0,0,0,0
2019-08-12,Taiwan,Xialiao_Beach,25.21469,121.65406,B,24,1,5,microplastics,1,0,0,0,0,0,0,0
2019-08-12,Taiwan,Xialiao_Beach,25.21469,121.65406,C,5,1,5,microplastics,959,3,1,2,7,2,3,0
2019-08-12,Taiwan,Xialiao_Beach,25.21469,121.65406,C,6,1,5,microplastics,792,2,2,2,3,4,0,0
2019-08-12,Taiwan,Xialiao_Beach,25.21469,121.65406,C,7,1,5,microplastics,94,0,0,0,0,0,0,0
2019-08-12,Taiwan,Xialiao_Beach,25.21469,121.65406,C,8,1,5,microplastics,20,0,0,0,0,0,0,0
2019-08-12,Taiwan,Xialiao_Beach,25.21469,121.65406,C,9,1,5,microplastics,41,1,0,0,0,1,0,0
2019-08-12,Taiwan,Xialiao_Beach,25.21469,121.65406,C,10,1,5,microplastics,154,0,2,1,2,1,1,0
2019-08-12,Taiwan,Xialiao_Beach,25.21469,121.65406,C,11,1,5,microplastics,15,0,1,0,0,0,0,0
2019-08-12,Taiwan,Xialiao_Beach,25.21469,121.65406,C,12,1,5,microplastics,175,1,2,0,3,3,4,0
2019-08-12,Taiwan,Xialiao_Beach,25.21469,121.65406,C,13,1,5,microplastics,113,0,1,0,4,2,0,0
2019-08-12,Taiwan,Xialiao_Beach,25.21469,121.65406,C,14,1,5,microplastics,12,0,0,0,0,0,0,0
2019-08-12,Taiwan,Xialiao_Beach,25.21469,121.65406,C,15,1,5,microplastics,15,0,0,0,0,0,1,0
2019-08-12,Taiwan,Xialiao_Beach,25.21469,121.65406,C,16,1,5,microplastics,539,2,0,0,5,0,3,0
2019-08-12,Taiwan,Xialiao_Beach,25.21469,121.65406,C,17,1,5,microplastics,80,0,0,0,0,0,1,0
2019-08-12,Taiwan,Xialiao_Beach,25.21469,121.65406,C,18,1,5,microplastics,10,0,0,0,0,0,0,0
2019-08-12,Taiwan,Xialiao_Beach,25.21469,121.65406,C,19,1,5,microplastics,3,0,0,0,0,0,0,0
2019-08-12,Taiwan,Xialiao_Beach,25.21469,121.65406,C,20,1,5,microplastics,1,0,0,0,0,0,0,0
2019-08-12,Taiwan,Xialiao_Beach,25.21469,121.65406,C,21,1,5,microplastics,0,0,0,0,0,0,0,0
2019-08-12,Taiwan,Xialiao_Beach,25.21469,121.65406,C,22,1,5,microplastics,0,0,0,0,0,0,0,0
2019-08-12,Taiwan,Xialiao_Beach,25.21469,121.65406,C,23,1,5,microplastics,1,1,0,0,0,0,0,0
2019-08-12,Taiwan,Xialiao_Beach,25.21469,121.65406,C,24,1,5,microplastics,0,0,0,0,0,0,0,0
2019-08-12,Taiwan,Xialiao_Beach,25.21469,121.65406,A,5,5,25,mesoplastics,34,0,0,0,0,0,0,0
2019-08-12,Taiwan,Xialiao_Beach,25.21469,121.65406,A,6,5,25,mesoplastics,287,3,2,2,12,1,4,0
2019-08-12,Taiwan,Xialiao_Beach,25.21469,121.65406,A,7,5,25,mesoplastics,3,1,0,0,0,0,0,0
2019-08-12,Taiwan,Xialiao_Beach,25.21469,121.65406,A,8,5,25,mesoplastics,2,1,0,0,0,0,0,0
2019-08-12,Taiwan,Xialiao_Beach,25.21469,121.65406,A,9,5,25,mesoplastics,10,1,0,0,0,0,0,0
2019-08-12,Taiwan,Xialiao_Beach,25.21469,121.65406,A,10,5,25,mesoplastics,0,0,0,0,0,1,0,0
2019-08-12,Taiwan,Xialiao_Beach,25.21469,121.65406,A,11,5,25,mesoplastics,0,0,0,0,0,0,0,0
2019-08-12,Taiwan,Xialiao_Beach,25.21469,121.65406,A,12,5,25,mesoplastics,1,0,0,0,0,0,0,0
2019-08-12,Taiwan,Xialiao_Beach,25.21469,121.65406,A,13,5,25,mesoplastics,95,0,1,0,14,3,4,0
2019-08-12,Taiwan,Xialiao_Beach,25.21469,121.65406,A,14,5,25,mesoplastics,13,1,0,0,1,0,1,0
2019-08-12,Taiwan,Xialiao_Beach,25.21469,121.65406,A,15,5,25,mesoplastics,3,0,1,0,0,1,0,0
2019-08-12,Taiwan,Xialiao_Beach,25.21469,121.65406,A,16,5,25,mesoplastics,1,0,0,0,0,0,0,0
2019-08-12,Taiwan,Xialiao_Beach,25.21469,121.65406,A,17,5,25,mesoplastics,5,0,0,0,0,0,0,0
2019-08-12,Taiwan,Xialiao_Beach,25.21469,121.65406,A,18,5,25,mesoplastics,0,0,0,0,0,0,0,0
2019-08-12,Taiwan,Xialiao_Beach,25.21469,121.65406,A,19,5,25,mesoplastics,1,0,0,0,0,0,0,0
2019-08-12,Taiwan,Xialiao_Beach,25.21469,121.65406,A,20,5,25,mesoplastics,0,0,0,0,0,0,0,0
2019-08-12,Taiwan,Xialiao_Beach,25.21469,121.65406,A,21,5,25,mesoplastics,0,0,0,0,0,0,0,0
2019-08-12,Taiwan,Xialiao_Beach,25.21469,121.65406,A,22,5,25,mesoplastics,0,0,0,0,0,0,0,0
2019-08-12,Taiwan,Xialiao_Beach,25.21469,121.65406,A,23,5,25,mesoplastics,0,0,0,0,0,0,0,0
2019-08-12,Taiwan,Xialiao_Beach,25.21469,121.65406,A,24,5,25,mesoplastics,0,0,0,0,0,0,0,0
2019-08-12,Taiwan,Xialiao_Beach,25.21469,121.65406,B,5,5,25,mesoplastics,8,0,0,0,0,0,0,0
2019-08-12,Taiwan,Xialiao_Beach,25.21469,121.65406,B,6,5,25,mesoplastics,95,1,0,1,6,2,1,0
2019-08-12,Taiwan,Xialiao_Beach,25.21469,121.65406,B,7,5,25,mesoplastics,1,0,0,0,1,0,0,0
2019-08-12,Taiwan,Xialiao_Beach,25.21469,121.65406,B,8,5,25,mesoplastics,6,0,0,0,1,0,0,0
2019-08-12,Taiwan,Xialiao_Beach,25.21469,121.65406,B,9,5,25,mesoplastics,46,1,0,0,0,0,1,0
2019-08-12,Taiwan,Xialiao_Beach,25.21469,121.65406,B,10,5,25,mesoplastics,59,0,0,1,0,0,0,0
2019-08-12,Taiwan,Xialiao_Beach,25.21469,121.65406,B,11,5,25,mesoplastics,7,0,0,0,0,0,0,0
2019-08-12,Taiwan,Xialiao_Beach,25.21469,121.65406,B,12,5,25,mesoplastics,11,0,0,0,0,0,1,0
2019-08-12,Taiwan,Xialiao_Beach,25.21469,121.65406,B,13,5,25,mesoplastics,6,0,0,0,0,0,0,0
2019-08-12,Taiwan,Xialiao_Beach,25.21469,121.65406,B,14,5,25,mesoplastics,0,0,0,0,0,0,0,0
2019-08-12,Taiwan,Xialiao_Beach,25.21469,121.65406,B,15,5,25,mesoplastics,5,0,0,0,1,0,0,0
2019-08-12,Taiwan,Xialiao_Beach,25.21469,121.65406,B,16,5,25,mesoplastics,21,0,0,0,4,0,0,0
2019-08-12,Taiwan,Xialiao_Beach,25.21469,121.65406,B,17,5,25,mesoplastics,3,0,0,0,0,0,0,0
2019-08-12,Taiwan,Xialiao_Beach,25.21469,121.65406,B,18,5,25,mesoplastics,9,0,0,0,0,0,0,0
2019-08-12,Taiwan,Xialiao_Beach,25.21469,121.65406,B,19,5,25,mesoplastics,0,0,0,1,0,0,0,0
2019-08-12,Taiwan,Xialiao_Beach,25.21469,121.65406,B,20,5,25,mesoplastics,0,0,0,0,0,0,0,0
2019-08-12,Taiwan,Xialiao_Beach,25.21469,121.65406,B,21,5,25,mesoplastics,0,0,0,0,0,0,0,0
2019-08-12,Taiwan,Xialiao_Beach,25.21469,121.65406,B,22,5,25,mesoplastics,0,0,0,0,0,0,0,0
2019-08-12,Taiwan,Xialiao_Beach,25.21469,121.65406,B,23,5,25,mesoplastics,0,0,0,0,0,0,0,0
2019-08-12,Taiwan,Xialiao_Beach,25.21469,121.65406,B,24,5,25,mesoplastics,0,0,0,0,0,0,0,0
2019-08-12,Taiwan,Xialiao_Beach,25.21469,121.65406,C,5,5,25,mesoplastics,217,3,4,1,21,0,5,0
2019-08-12,Taiwan,Xialiao_Beach,25.21469,121.65406,C,6,5,25,mesoplastics,153,5,0,1,2,1,2,0
2019-08-12,Taiwan,Xialiao_Beach,25.21469,121.65406,C,7,5,25,mesoplastics,27,0,0,0,0,0,0,0
2019-08-12,Taiwan,Xialiao_Beach,25.21469,121.65406,C,8,5,25,mesoplastics,0,0,1,1,0,0,0,0
2019-08-12,Taiwan,Xialiao_Beach,25.21469,121.65406,C,9,5,25,mesoplastics,0,0,0,0,0,0,0,0
2019-08-12,Taiwan,Xialiao_Beach,25.21469,121.65406,C,10,5,25,mesoplastics,15,0,0,0,0,0,1,0
2019-08-12,Taiwan,Xialiao_Beach,25.21469,121.65406,C,11,5,25,mesoplastics,3,0,0,0,0,0,0,0
2019-08-12,Taiwan,Xialiao_Beach,25.21469,121.65406,C,12,5,25,mesoplastics,9,0,2,1,2,0,0,0
2019-08-12,Taiwan,Xialiao_Beach,25.21469,121.65406,C,13,5,25,mesoplastics,13,0,1,0,0,1,0,1
2019-08-12,Taiwan,Xialiao_Beach,25.21469,121.65406,C,14,5,25,mesoplastics,3,1,0,0,0,1,0,0
2019-08-12,Taiwan,Xialiao_Beach,25.21469,121.65406,C,15,5,25,mesoplastics,2,0,0,0,0,0,0,0
2019-08-12,Taiwan,Xialiao_Beach,25.21469,121.65406,C,16,5,25,mesoplastics,87,0,2,0,11,1,2,0
2019-08-12,Taiwan,Xialiao_Beach,25.21469,121.65406,C,17,5,25,mesoplastics,9,0,0,1,1,0,0,0
2019-08-12,Taiwan,Xialiao_Beach,25.21469,121.65406,C,18,5,25,mesoplastics,4,1,0,0,1,0,0,0
2019-08-12,Taiwan,Xialiao_Beach,25.21469,121.65406,C,19,5,25,mesoplastics,0,0,0,0,0,0,0,0
2019-08-12,Taiwan,Xialiao_Beach,25.21469,121.65406,C,20,5,25,mesoplastics,0,0,0,0,0,0,0,0
2019-08-12,Taiwan,Xialiao_Beach,25.21469,121.65406,C,21,5,25,mesoplastics,0,0,0,0,0,0,0,0
2019-08-12,Taiwan,Xialiao_Beach,25.21469,121.65406,C,22,5,25,mesoplastics,0,0,0,0,0,0,0,0
2019-08-12,Taiwan,Xialiao_Beach,25.21469,121.65406,C,23,5,25,mesoplastics,1,0,0,0,0,0,0,0
2019-08-12,Taiwan,Xialiao_Beach,25.21469,121.65406,C,24,5,25,mesoplastics,0,0,0,0,0,0,0,0
2019-10-03,Taiwan,Xialiao_Beach,25.21469,121.65406,A,5,1,5,microplastics,234,1,0,0,1,0,1,0
2019-10-03,Taiwan,Xialiao_Beach,25.21469,121.65406,A,6,1,5,microplastics,1621,1,2,1,5,0,1,0
2019-10-03,Taiwan,Xialiao_Beach,25.21469,121.65406,A,7,1,5,microplastics,49,0,0,0,0,0,0,0
2019-10-03,Taiwan,Xialiao_Beach,25.21469,121.65406,A,8,1,5,microplastics,3,0,0,0,0,0,0,0
2019-10-03,Taiwan,Xialiao_Beach,25.21469,121.65406,A,9,1,5,microplastics,14,0,0,0,0,0,0,1
2019-10-03,Taiwan,Xialiao_Beach,25.21469,121.65406,A,10,1,5,microplastics,15,0,0,0,0,2,0,1
2019-10-03,Taiwan,Xialiao_Beach,25.21469,121.65406,A,11,1,5,microplastics,742,1,1,0,3,1,3,0
2019-10-03,Taiwan,Xialiao_Beach,25.21469,121.65406,A,12,1,5,microplastics,119,3,0,1,1,0,0,0
2019-10-03,Taiwan,Xialiao_Beach,25.21469,121.65406,A,13,1,5,microplastics,254,3,0,0,1,2,2,0
2019-10-03,Taiwan,Xialiao_Beach,25.21469,121.65406,A,14,1,5,microplastics,134,2,0,0,0,0,0,0
2019-10-03,Taiwan,Xialiao_Beach,25.21469,121.65406,A,15,1,5,microplastics,1161,6,9,2,3,4,2,0
2019-10-03,Taiwan,Xialiao_Beach,25.21469,121.65406,A,16,1,5,microplastics,1233,10,3,1,3,1,2,0
2019-10-03,Taiwan,Xialiao_Beach,25.21469,121.65406,A,17,1,5,microplastics,22,0,1,1,2,0,0,0
2019-10-03,Taiwan,Xialiao_Beach,25.21469,121.65406,A,18,1,5,microplastics,208,0,0,0,2,0,0,0
2019-10-03,Taiwan,Xialiao_Beach,25.21469,121.65406,A,19,1,5,microplastics,9,0,0,0,0,0,0,0
2019-10-03,Taiwan,Xialiao_Beach,25.21469,121.65406,A,20,1,5,microplastics,8,0,0,0,0,0,0,0
2019-10-03,Taiwan,Xialiao_Beach,25.21469,121.65406,A,21,1,5,microplastics,15,2,0,0,0,0,0,0
2019-10-03,Taiwan,Xialiao_Beach,25.21469,121.65406,A,22,1,5,microplastics,3,0,0,0,0,0,0,0
2019-10-03,Taiwan,Xialiao_Beach,25.21469,121.65406,B,5,1,5,microplastics,326,1,0,2,1,0,0,0
2019-10-03,Taiwan,Xialiao_Beach,25.21469,121.65406,B,6,1,5,microplastics,27,0,0,0,0,0,0,0
2019-10-03,Taiwan,Xialiao_Beach,25.21469,121.65406,B,7,1,5,microplastics,9,0,0,0,0,0,0,0
2019-10-03,Taiwan,Xialiao_Beach,25.21469,121.65406,B,8,1,5,microplastics,7,0,0,0,0,0,0,0
2019-10-03,Taiwan,Xialiao_Beach,25.21469,121.65406,B,9,1,5,microplastics,253,1,1,0,0,0,0,0
2019-10-03,Taiwan,Xialiao_Beach,25.21469,121.65406,B,10,1,5,microplastics,219,0,0,0,0,0,1,0
2019-10-03,Taiwan,Xialiao_Beach,25.21469,121.65406,B,11,1,5,microplastics,292,0,1,3,1,1,1,0
2019-10-03,Taiwan,Xialiao_Beach,25.21469,121.65406,B,12,1,5,microplastics,172,0,0,0,2,0,2,0
2019-10-03,Taiwan,Xialiao_Beach,25.21469,121.65406,B,13,1,5,microplastics,54,0,0,0,0,0,0,0
2019-10-03,Taiwan,Xialiao_Beach,25.21469,121.65406,B,14,1,5,microplastics,246,5,0,0,1,1,1,0
2019-10-03,Taiwan,Xialiao_Beach,25.21469,121.65406,B,15,1,5,microplastics,1531,20,2,2,6,0,3,1
2019-10-03,Taiwan,Xialiao_Beach,25.21469,121.65406,B,16,1,5,microplastics,564,5,1,1,1,0,1,0
2019-10-03,Taiwan,Xialiao_Beach,25.21469,121.65406,B,17,1,5,microplastics,211,0,0,0,1,3,1,0
2019-10-03,Taiwan,Xialiao_Beach,25.21469,121.65406,B,18,1,5,microplastics,52,0,0,0,0,0,1,1
2019-10-03,Taiwan,Xialiao_Beach,25.21469,121.65406,B,19,1,5,microplastics,14,1,0,0,0,0,0,0
2019-10-03,Taiwan,Xialiao_Beach,25.21469,121.65406,B,20,1,5,microplastics,13,0,0,0,0,0,1,0
2019-10-03,Taiwan,Xialiao_Beach,25.21469,121.65406,B,21,1,5,microplastics,50,4,0,2,1,8,7,2
2019-10-03,Taiwan,Xialiao_Beach,25.21469,121.65406,B,22,1,5,microplastics,4,1,1,0,0,1,1,0
2019-10-03,Taiwan,Xialiao_Beach,25.21469,121.65406,C,5,1,5,microplastics,159,0,0,0,0,1,0,0
2019-10-03,Taiwan,Xialiao_Beach,25.21469,121.65406,C,6,1,5,microplastics,47,0,1,0,0,0,0,0
2019-10-03,Taiwan,Xialiao_Beach,25.21469,121.65406,C,7,1,5,microplastics,120,0,0,1,1,1,0,0
2019-10-03,Taiwan,Xialiao_Beach,25.21469,121.65406,C,8,1,5,microplastics,61,0,0,0,0,0,0,0
2019-10-03,Taiwan,Xialiao_Beach,25.21469,121.65406,C,9,1,5,microplastics,87,0,0,0,0,0,0,0
2019-10-03,Taiwan,Xialiao_Beach,25.21469,121.65406,C,10,1,5,microplastics,232,1,1,0,0,0,0,0
2019-10-03,Taiwan,Xialiao_Beach,25.21469,121.65406,C,11,1,5,microplastics,501,3,2,1,0,2,0,0
2019-10-03,Taiwan,Xialiao_Beach,25.21469,121.65406,C,12,1,5,microplastics,442,1,1,0,2,2,0,0
2019-10-03,Taiwan,Xialiao_Beach,25.21469,121.65406,C,13,1,5,microplastics,616,7,3,2,1,1,1,0
2019-10-03,Taiwan,Xialiao_Beach,25.21469,121.65406,C,14,1,5,microplastics,1164,15,0,2,3,4,3,0
2019-10-03,Taiwan,Xialiao_Beach,25.21469,121.65406,C,15,1,5,microplastics,750,5,1,1,1,1,0,0
2019-10-03,Taiwan,Xialiao_Beach,25.21469,121.65406,C,16,1,5,microplastics,602,3,4,1,1,3,1,0
2019-10-03,Taiwan,Xialiao_Beach,25.21469,121.65406,C,17,1,5,microplastics,1145,8,7,1,1,3,4,0
2019-10-03,Taiwan,Xialiao_Beach,25.21469,121.65406,C,18,1,5,microplastics,216,0,0,0,0,1,0,2
2019-10-03,Taiwan,Xialiao_Beach,25.21469,121.65406,C,19,1,5,microplastics,59,1,0,0,0,1,0,0
2019-10-03,Taiwan,Xialiao_Beach,25.21469,121.65406,C,20,1,5,microplastics,59,0,0,0,0,0,0,0
2019-10-03,Taiwan,Xialiao_Beach,25.21469,121.65406,C,21,1,5,microplastics,124,4,1,11,7,11,15,1
2019-10-03,Taiwan,Xialiao_Beach,25.21469,121.65406,C,22,1,5,microplastics,8,3,1,1,1,1,0,0
2019-10-03,Taiwan,Xialiao_Beach,25.21469,121.65406,A,5,5,25,mesoplastics,60,1,0,0,1,1,1,0
2019-10-03,Taiwan,Xialiao_Beach,25.21469,121.65406,A,6,5,25,mesoplastics,395,3,2,0,7,1,2,0
2019-10-03,Taiwan,Xialiao_Beach,25.21469,121.65406,A,7,5,25,mesoplastics,0,12,0,0,0,0,0,0
2019-10-03,Taiwan,Xialiao_Beach,25.21469,121.65406,A,8,5,25,mesoplastics,0,0,0,0,0,1,0,0
2019-10-03,Taiwan,Xialiao_Beach,25.21469,121.65406,A,9,5,25,mesoplastics,2,0,0,0,0,0,0,0
2019-10-03,Taiwan,Xialiao_Beach,25.21469,121.65406,A,10,5,25,mesoplastics,0,5,0,0,0,0,1,0
2019-10-03,Taiwan,Xialiao_Beach,25.21469,121.65406,A,11,5,25,mesoplastics,277,4,0,2,7,2,2,0
2019-10-03,Taiwan,Xialiao_Beach,25.21469,121.65406,A,12,5,25,mesoplastics,26,0,0,0,2,0,0,0
2019-10-03,Taiwan,Xialiao_Beach,25.21469,121.65406,A,13,5,25,mesoplastics,29,0,0,0,3,0,2,0
2019-10-03,Taiwan,Xialiao_Beach,25.21469,121.65406,A,14,5,25,mesoplastics,11,0,0,0,0,1,2,0
2019-10-03,Taiwan,Xialiao_Beach,25.21469,121.65406,A,15,5,25,mesoplastics,97,4,1,2,3,2,3,0
2019-10-03,Taiwan,Xialiao_Beach,25.21469,121.65406,A,16,5,25,mesoplastics,111,3,1,1,3,3,1,0
2019-10-03,Taiwan,Xialiao_Beach,25.21469,121.65406,A,17,5,25,mesoplastics,5,1,0,0,2,0,0,0
2019-10-03,Taiwan,Xialiao_Beach,25.21469,121.65406,A,18,5,25,mesoplastics,15,0,0,0,0,0,0,0
2019-10-03,Taiwan,Xialiao_Beach,25.21469,121.65406,A,19,5,25,mesoplastics,1,0,0,0,0,0,0,0
2019-10-03,Taiwan,Xialiao_Beach,25.21469,121.65406,A,20,5,25,mesoplastics,0,0,0,0,0,0,0,0
2019-10-03,Taiwan,Xialiao_Beach,25.21469,121.65406,A,21,5,25,mesoplastics,0,0,0,0,0,0,0,0
2019-10-03,Taiwan,Xialiao_Beach,25.21469,121.65406,A,22,5,25,mesoplastics,0,0,0,0,0,0,0,0
2019-10-03,Taiwan,Xialiao_Beach,25.21469,121.65406,B,5,5,25,mesoplastics,103,0,2,0,3,0,0,0
2019-10-03,Taiwan,Xialiao_Beach,25.21469,121.65406,B,6,5,25,mesoplastics,5,0,0,0,0,0,0,0
2019-10-03,Taiwan,Xialiao_Beach,25.21469,121.65406,B,7,5,25,mesoplastics,2,0,0,0,0,0,0,0
2019-10-03,Taiwan,Xialiao_Beach,25.21469,121.65406,B,8,5,25,mesoplastics,2,0,0,0,0,0,0,0
2019-10-03,Taiwan,Xialiao_Beach,25.21469,121.65406,B,9,5,25,mesoplastics,68,0,0,1,2,0,1,0
2019-10-03,Taiwan,Xialiao_Beach,25.21469,121.65406,B,10,5,25,mesoplastics,57,1,0,0,0,1,1,0
2019-10-03,Taiwan,Xialiao_Beach,25.21469,121.65406,B,11,5,25,mesoplastics,28,0,0,0,1,1,0,0
2019-10-03,Taiwan,Xialiao_Beach,25.21469,121.65406,B,12,5,25,mesoplastics,32,0,0,1,1,0,0,0
2019-10-03,Taiwan,Xialiao_Beach,25.21469,121.65406,B,13,5,25,mesoplastics,4,0,0,1,0,0,0,0
2019-10-03,Taiwan,Xialiao_Beach,25.21469,121.65406,B,14,5,25,mesoplastics,6,1,0,0,1,1,1,0
2019-10-03,Taiwan,Xialiao_Beach,25.21469,121.65406,B,15,5,25,mesoplastics,173,10,8,3,8,5,3,0
2019-10-03,Taiwan,Xialiao_Beach,25.21469,121.65406,B,16,5,25,mesoplastics,47,1,0,1,3,0,1,0
2019-10-03,Taiwan,Xialiao_Beach,25.21469,121.65406,B,17,5,25,mesoplastics,28,0,2,0,0,1,0,0
2019-10-03,Taiwan,Xialiao_Beach,25.21469,121.65406,B,18,5,25,mesoplastics,4,1,1,0,0,0,0,0
2019-10-03,Taiwan,Xialiao_Beach,25.21469,121.65406,B,19,5,25,mesoplastics,1,0,0,0,0,0,0,0
2019-10-03,Taiwan,Xialiao_Beach,25.21469,121.65406,B,20,5,25,mesoplastics,1,0,0,0,0,0,0,0
2019-10-03,Taiwan,Xialiao_Beach,25.21469,121.65406,B,21,5,25,mesoplastics,4,1,0,0,0,0,0,0
2019-10-03,Taiwan,Xialiao_Beach,25.21469,121.65406,B,22,5,25,mesoplastics,0,0,0,0,0,0,0,0
2019-10-03,Taiwan,Xialiao_Beach,25.21469,121.65406,C,5,5,25,mesoplastics,36,0,0,0,0,0,1,0
2019-10-03,Taiwan,Xialiao_Beach,25.21469,121.65406,C,6,5,25,mesoplastics,10,0,0,0,0,0,0,0
2019-10-03,Taiwan,Xialiao_Beach,25.21469,121.65406,C,7,5,25,mesoplastics,44,0,0,0,3,0,0,0
2019-10-03,Taiwan,Xialiao_Beach,25.21469,121.65406,C,8,5,25,mesoplastics,16,0,0,0,0,0,0,0
2019-10-03,Taiwan,Xialiao_Beach,25.21469,121.65406,C,9,5,25,mesoplastics,22,0,0,0,0,0,0,0
2019-10-03,Taiwan,Xialiao_Beach,25.21469,121.65406,C,10,5,25,mesoplastics,48,0,0,0,3,0,0,0
2019-10-03,Taiwan,Xialiao_Beach,25.21469,121.65406,C,11,5,25,mesoplastics,74,0,0,0,3,1,2,0
2019-10-03,Taiwan,Xialiao_Beach,25.21469,121.65406,C,12,5,25,mesoplastics,70,0,1,0,1,1,2,0
2019-10-03,Taiwan,Xialiao_Beach,25.21469,121.65406,C,13,5,25,mesoplastics,84,1,0,0,2,2,0,0
2019-10-03,Taiwan,Xialiao_Beach,25.21469,121.65406,C,14,5,25,mesoplastics,150,10,1,0,5,4,3,0
2019-10-03,Taiwan,Xialiao_Beach,25.21469,121.65406,C,15,5,25,mesoplastics,58,4,2,0,2,2,1,0
2019-10-03,Taiwan,Xialiao_Beach,25.21469,121.65406,C,16,5,25,mesoplastics,46,2,0,0,2,1,0,0
2019-10-03,Taiwan,Xialiao_Beach,25.21469,121.65406,C,17,5,25,mesoplastics,98,0,1,0,3,1,1,0
2019-10-03,Taiwan,Xialiao_Beach,25.21469,121.65406,C,18,5,25,mesoplastics,21,2,1,0,0,1,0,0
2019-10-03,Taiwan,Xialiao_Beach,25.21469,121.65406,C,19,5,25,mesoplastics,12,0,0,0,0,0,0,0
2019-10-03,Taiwan,Xialiao_Beach,25.21469,121.65406,C,20,5,25,mesoplastics,3,0,0,0,0,0,0,0
2019-10-03,Taiwan,Xialiao_Beach,25.21469,121.65406,C,21,5,25,mesoplastics,7,0,0,0,1,0,1,0
2019-10-03,Taiwan,Xialiao_Beach,25.21469,121.65406,C,22,5,25,mesoplastics,1,0,0,0,0,0,0,0
2019-11-26,Taiwan,Xialiao_Beach,25.21469,121.65406,A,5,1,5,microplastics,106,0,0,0,0,0,1,0
2019-11-26,Taiwan,Xialiao_Beach,25.21469,121.65406,A,6,1,5,microplastics,36,0,0,0,0,0,0,0
2019-11-26,Taiwan,Xialiao_Beach,25.21469,121.65406,A,7,1,5,microplastics,8,0,0,0,0,0,0,0
2019-11-26,Taiwan,Xialiao_Beach,25.21469,121.65406,A,8,1,5,microplastics,10,0,0,0,0,0,0,0
2019-11-26,Taiwan,Xialiao_Beach,25.21469,121.65406,A,9,1,5,microplastics,31,0,0,0,1,1,2,0
2019-11-26,Taiwan,Xialiao_Beach,25.21469,121.65406,A,10,1,5,microplastics,68,0,0,0,1,0,0,0
2019-11-26,Taiwan,Xialiao_Beach,25.21469,121.65406,A,11,1,5,microplastics,38,0,3,1,403,1,2,0
2019-11-26,Taiwan,Xialiao_Beach,25.21469,121.65406,A,12,1,5,microplastics,69,0,1,0,0,1,0,0
2019-11-26,Taiwan,Xialiao_Beach,25.21469,121.65406,A,13,1,5,microplastics,200,1,0,0,3,1,6,0
2019-11-26,Taiwan,Xialiao_Beach,25.21469,121.65406,A,14,1,5,microplastics,549,6,1,1,1,3,2,0
2019-11-26,Taiwan,Xialiao_Beach,25.21469,121.65406,A,15,1,5,microplastics,18,0,0,0,0,1,0,0
2019-11-26,Taiwan,Xialiao_Beach,25.21469,121.65406,A,16,1,5,microplastics,4,0,1,0,0,1,0,0
2019-11-26,Taiwan,Xialiao_Beach,25.21469,121.65406,A,17,1,5,microplastics,73,8,3,4,2,4,10,0
2019-11-26,Taiwan,Xialiao_Beach,25.21469,121.65406,A,18,1,5,microplastics,17,0,0,0,0,0,1,0
2019-11-26,Taiwan,Xialiao_Beach,25.21469,121.65406,A,19,1,5,microplastics,0,0,0,0,0,0,0,0
2019-11-26,Taiwan,Xialiao_Beach,25.21469,121.65406,B,5,1,5,microplastics,109,0,0,0,1,0,0,0
2019-11-26,Taiwan,Xialiao_Beach,25.21469,121.65406,B,6,1,5,microplastics,30,0,0,0,0,0,0,0
2019-11-26,Taiwan,Xialiao_Beach,25.21469,121.65406,B,7,1,5,microplastics,44,0,0,0,0,0,1,0
2019-11-26,Taiwan,Xialiao_Beach,25.21469,121.65406,B,8,1,5,microplastics,14,0,0,0,0,1,0,0
2019-11-26,Taiwan,Xialiao_Beach,25.21469,121.65406,B,9,1,5,microplastics,19,0,0,0,0,0,0,0
2019-11-26,Taiwan,Xialiao_Beach,25.21469,121.65406,B,10,1,5,microplastics,137,1,2,0,2,0,1,0
2019-11-26,Taiwan,Xialiao_Beach,25.21469,121.65406,B,11,1,5,microplastics,259,4,1,0,0,2,0,1
2019-11-26,Taiwan,Xialiao_Beach,25.21469,121.65406,B,12,1,5,microplastics,112,1,0,3,2,5,0,0
2019-11-26,Taiwan,Xialiao_Beach,25.21469,121.65406,B,13,1,5,microplastics,53,1,0,0,1,0,0,0
2019-11-26,Taiwan,Xialiao_Beach,25.21469,121.65406,B,14,1,5,microplastics,236,0,0,0,0,2,5,0
2019-11-26,Taiwan,Xialiao_Beach,25.21469,121.65406,B,15,1,5,microplastics,11,0,1,1,0,1,1,0
2019-11-26,Taiwan,Xialiao_Beach,25.21469,121.65406,B,16,1,5,microplastics,3,0,0,0,0,0,0,0
2019-11-26,Taiwan,Xialiao_Beach,25.21469,121.65406,B,17,1,5,microplastics,35,2,0,0,0,3,8,0
2019-11-26,Taiwan,Xialiao_Beach,25.21469,121.65406,B,18,1,5,microplastics,17,2,1,1,0,1,0,0
2019-11-26,Taiwan,Xialiao_Beach,25.21469,121.65406,B,19,1,5,microplastics,4,0,1,0,0,0,0,0
2019-11-26,Taiwan,Xialiao_Beach,25.21469,121.65406,C,5,1,5,microplastics,128,0,0,1,1,0,0,0
2019-11-26,Taiwan,Xialiao_Beach,25.21469,121.65406,C,6,1,5,microplastics,42,0,0,0,0,0,0,0
2019-11-26,Taiwan,Xialiao_Beach,25.21469,121.65406,C,7,1,5,microplastics,55,0,0,0,0,0,0,0
2019-11-26,Taiwan,Xialiao_Beach,25.21469,121.65406,C,8,1,5,microplastics,407,1,0,1,3,1,0,0
2019-11-26,Taiwan,Xialiao_Beach,25.21469,121.65406,C,9,1,5,microplastics,143,0,0,0,1,0,0,0
2019-11-26,Taiwan,Xialiao_Beach,25.21469,121.65406,C,10,1,5,microplastics,46,0,0,0,0,0,0,0
2019-11-26,Taiwan,Xialiao_Beach,25.21469,121.65406,C,11,1,5,microplastics,516,1,1,0,2,0,3,0
2019-11-26,Taiwan,Xialiao_Beach,25.21469,121.65406,C,12,1,5,microplastics,121,1,0,0,2,1,0,0
2019-11-26,Taiwan,Xialiao_Beach,25.21469,121.65406,C,13,1,5,microplastics,126,0,1,1,1,0,0,0
2019-11-26,Taiwan,Xialiao_Beach,25.21469,121.65406,C,14,1,5,microplastics,363,4,0,1,5,3,4,0
2019-11-26,Taiwan,Xialiao_Beach,25.21469,121.65406,C,15,1,5,microplastics,139,1,0,0,3,1,1,0
2019-11-26,Taiwan,Xialiao_Beach,25.21469,121.65406,C,16,1,5,microplastics,13,0,0,0,0,0,0,0
2019-11-26,Taiwan,Xialiao_Beach,25.21469,121.65406,C,17,1,5,microplastics,26,2,0,0,5,4,5,0
2019-11-26,Taiwan,Xialiao_Beach,25.21469,121.65406,C,18,1,5,microplastics,8,0,0,0,0,0,1,0
2019-11-26,Taiwan,Xialiao_Beach,25.21469,121.65406,C,19,1,5,microplastics,5,0,0,0,1,0,0,0
2019-11-26,Taiwan,Xialiao_Beach,25.21469,121.65406,A,5,5,25,mesoplastics,16,0,0,0,0,0,0,0
2019-11-26,Taiwan,Xialiao_Beach,25.21469,121.65406,A,6,5,25,mesoplastics,8,0,0,0,0,0,0,0
2019-11-26,Taiwan,Xialiao_Beach,25.21469,121.65406,A,7,5,25,mesoplastics,1,0,0,0,0,0,0,0
2019-11-26,Taiwan,Xialiao_Beach,25.21469,121.65406,A,8,5,25,mesoplastics,1,0,0,0,0,0,0,0
2019-11-26,Taiwan,Xialiao_Beach,25.21469,121.65406,A,9,5,25,mesoplastics,8,1,0,1,0,0,0,0
2019-11-26,Taiwan,Xialiao_Beach,25.21469,121.65406,A,10,5,25,mesoplastics,19,0,0,0,0,0,0,0
2019-11-26,Taiwan,Xialiao_Beach,25.21469,121.65406,A,11,5,25,mesoplastics,36,1,3,1,0,1,1,0
2019-11-26,Taiwan,Xialiao_Beach,25.21469,121.65406,A,12,5,25,mesoplastics,6,0,0,0,4,1,1,0
2019-11-26,Taiwan,Xialiao_Beach,25.21469,121.65406,A,13,5,25,mesoplastics,62,0,0,0,3,0,0,0
2019-11-26,Taiwan,Xialiao_Beach,25.21469,121.65406,A,14,5,25,mesoplastics,71,1,2,0,1,2,2,0
2019-11-26,Taiwan,Xialiao_Beach,25.21469,121.65406,A,15,5,25,mesoplastics,1,0,0,0,0,0,0,0
2019-11-26,Taiwan,Xialiao_Beach,25.21469,121.65406,A,16,5,25,mesoplastics,1,0,0,0,0,0,0,0
2019-11-26,Taiwan,Xialiao_Beach,25.21469,121.65406,A,17,5,25,mesoplastics,4,0,0,1,0,2,0,0
2019-11-26,Taiwan,Xialiao_Beach,25.21469,121.65406,A,18,5,25,mesoplastics,2,0,0,0,0,0,0,0
2019-11-26,Taiwan,Xialiao_Beach,25.21469,121.65406,A,19,5,25,mesoplastics,1,0,0,0,0,0,0,0
2019-11-26,Taiwan,Xialiao_Beach,25.21469,121.65406,B,5,5,25,mesoplastics,14,0,0,0,1,0,0,0
2019-11-26,Taiwan,Xialiao_Beach,25.21469,121.65406,B,6,5,25,mesoplastics,7,1,0,0,1,0,1,0
2019-11-26,Taiwan,Xialiao_Beach,25.21469,121.65406,B,7,5,25,mesoplastics,11,0,0,0,0,0,0,0
2019-11-26,Taiwan,Xialiao_Beach,25.21469,121.65406,B,8,5,25,mesoplastics,9,0,0,0,0,0,0,0
2019-11-26,Taiwan,Xialiao_Beach,25.21469,121.65406,B,9,5,25,mesoplastics,5,0,0,0,0,1,0,0
2019-11-26,Taiwan,Xialiao_Beach,25.21469,121.65406,B,10,5,25,mesoplastics,19,0,0,0,0,0,0,0
2019-11-26,Taiwan,Xialiao_Beach,25.21469,121.65406,B,11,5,25,mesoplastics,31,0,0,0,1,1,1,0
2019-11-26,Taiwan,Xialiao_Beach,25.21469,121.65406,B,12,5,25,mesoplastics,18,0,0,0,0,0,0,0
2019-11-26,Taiwan,Xialiao_Beach,25.21469,121.65406,B,13,5,25,mesoplastics,13,0,0,0,0,0,0,0
2019-11-26,Taiwan,Xialiao_Beach,25.21469,121.65406,B,14,5,25,mesoplastics,29,1,2,0,3,2,0,0
2019-11-26,Taiwan,Xialiao_Beach,25.21469,121.65406,B,15,5,25,mesoplastics,2,0,0,0,0,0,0,0
2019-11-26,Taiwan,Xialiao_Beach,25.21469,121.65406,B,16,5,25,mesoplastics,1,0,0,0,0,0,0,0
2019-11-26,Taiwan,Xialiao_Beach,25.21469,121.65406,B,17,5,25,mesoplastics,5,0,0,0,0,1,1,0
2019-11-26,Taiwan,Xialiao_Beach,25.21469,121.65406,B,18,5,25,mesoplastics,3,0,1,0,0,0,0,0
2019-11-26,Taiwan,Xialiao_Beach,25.21469,121.65406,B,19,5,25,mesoplastics,0,0,0,0,0,0,0,0
2019-11-26,Taiwan,Xialiao_Beach,25.21469,121.65406,C,5,5,25,mesoplastics,17,0,2,0,0,2,1,0
2019-11-26,Taiwan,Xialiao_Beach,25.21469,121.65406,C,6,5,25,mesoplastics,6,0,0,0,0,0,0,0
2019-11-26,Taiwan,Xialiao_Beach,25.21469,121.65406,C,7,5,25,mesoplastics,5,0,0,0,0,0,0,0
2019-11-26,Taiwan,Xialiao_Beach,25.21469,121.65406,C,8,5,25,mesoplastics,71,0,0,0,3,1,2,0
2019-11-26,Taiwan,Xialiao_Beach,25.21469,121.65406,C,9,5,25,mesoplastics,14,0,0,0,0,0,0,0
2019-11-26,Taiwan,Xialiao_Beach,25.21469,121.65406,C,10,5,25,mesoplastics,6,0,0,0,0,0,0,0
2019-11-26,Taiwan,Xialiao_Beach,25.21469,121.65406,C,11,5,25,mesoplastics,72,0,0,0,3,1,1,0
2019-11-26,Taiwan,Xialiao_Beach,25.21469,121.65406,C,12,5,25,mesoplastics,15,0,0,0,1,1,1,0
2019-11-26,Taiwan,Xialiao_Beach,25.21469,121.65406,C,13,5,25,mesoplastics,19,0,0,0,0,0,0,0
2019-11-26,Taiwan,Xialiao_Beach,25.21469,121.65406,C,14,5,25,mesoplastics,40,1,0,0,3,1,0,0
2019-11-26,Taiwan,Xialiao_Beach,25.21469,121.65406,C,15,5,25,mesoplastics,11,0,0,0,0,0,0,0
2019-11-26,Taiwan,Xialiao_Beach,25.21469,121.65406,C,16,5,25,mesoplastics,4,1,0,0,0,2,1,0
2019-11-26,Taiwan,Xialiao_Beach,25.21469,121.65406,C,17,5,25,mesoplastics,5,0,0,0,0,0,0,0
2019-11-26,Taiwan,Xialiao_Beach,25.21469,121.65406,C,18,5,25,mesoplastics,0,0,0,0,0,0,0,0
2019-11-26,Taiwan,Xialiao_Beach,25.21469,121.65406,C,19,5,25,mesoplastics,0,0,0,0,0,1,0,0
