Date_YYYY-MM-DD,Country_Region,Location_name,Location_lat,Location_lon,Transect,Position,Size_min_mm,Size_max_mm,Size_class,fragment,foamed_plastic,pellet,foil,fibers,fishing_line,cigarette_butt,rope,rubber
2018-04-25,Taiwan,Xialiao_Beach,25.21469,121.65406,A,1,1,5,microplastics,15,37,0,0,0,0,0,0,0
2018-04-25,Taiwan,Xialiao_Beach,25.21469,121.65406,A,2,1,5,microplastics,7,29,0,0,0,0,0,0,0
2018-04-25,Taiwan,Xialiao_Beach,25.21469,121.65406,A,3,1,5,microplastics,3,75,0,0,0,1,0,0,0
2018-04-25,Taiwan,Xialiao_Beach,25.21469,121.65406,A,4,1,5,microplastics,9,47,0,1,0,0,0,0,0
2018-04-25,Taiwan,Xialiao_Beach,25.21469,121.65406,A,5,1,5,microplastics,11,173,0,0,0,0,0,0,0
2018-04-25,Taiwan,Xialiao_Beach,25.21469,121.65406,A,6,1,5,microplastics,6,52,0,2,0,1,0,0,0
2018-04-25,Taiwan,Xialiao_Beach,25.21469,121.65406,A,7,1,5,microplastics,11,50,5,3,0,1,0,0,0
2018-04-25,Taiwan,Xialiao_Beach,25.21469,121.65406,A,8,1,5,microplastics,15,60,2,0,0,1,0,0,0
2018-04-25,Taiwan,Xialiao_Beach,25.21469,121.65406,A,9,1,5,microplastics,12,61,2,4,0,0,0,0,0
2018-04-25,Taiwan,Xialiao_Beach,25.21469,121.65406,A,10,1,5,microplastics,48,62,13,0,0,0,0,0,0
2018-04-25,Taiwan,Xialiao_Beach,25.21469,121.65406,A,11,1,5,microplastics,10,12,2,0,0,0,0,0,0
2018-04-25,Taiwan,Xialiao_Beach,25.21469,121.65406,A,12,1,5,microplastics,7,11,1,0,0,0,0,0,0
2018-04-25,Taiwan,Xialiao_Beach,25.21469,121.65406,A,13,1,5,microplastics,142,64,19,0,0,0,0,0,0
2018-04-25,Taiwan,Xialiao_Beach,25.21469,121.65406,A,14,1,5,microplastics,13,14,2,0,0,0,0,0,0
2018-04-25,Taiwan,Xialiao_Beach,25.21469,121.65406,A,15,1,5,microplastics,34,9,3,0,0,0,0,0,0
2018-04-25,Taiwan,Xialiao_Beach,25.21469,121.65406,A,16,1,5,microplastics,3,0,0,0,0,0,0,0,0
2018-04-25,Taiwan,Xialiao_Beach,25.21469,121.65406,A,17,1,5,microplastics,1,0,0,0,0,0,0,0,0
2018-04-25,Taiwan,Xialiao_Beach,25.21469,121.65406,A,18,1,5,microplastics,0,0,0,0,0,0,0,0,0
2018-04-25,Taiwan,Xialiao_Beach,25.21469,121.65406,A,19,1,5,microplastics,0,1,0,0,0,0,0,0,0
2018-04-25,Taiwan,Xialiao_Beach,25.21469,121.65406,A,20,1,5,microplastics,1,0,0,0,0,0,0,0,0
2018-04-25,Taiwan,Xialiao_Beach,25.21469,121.65406,A,21,1,5,microplastics,0,0,0,0,0,0,0,0,0
2018-04-25,Taiwan,Xialiao_Beach,25.21469,121.65406,A,22,1,5,microplastics,0,2,0,0,0,0,0,0,0
2018-04-25,Taiwan,Xialiao_Beach,25.21469,121.65406,A,23,1,5,microplastics,4,1,0,0,0,0,0,0,0
2018-04-25,Taiwan,Xialiao_Beach,25.21469,121.65406,B,1,1,5,microplastics,11,62,1,0,0,0,0,0,0
2018-04-25,Taiwan,Xialiao_Beach,25.21469,121.65406,B,2,1,5,microplastics,5,24,0,0,0,0,0,0,0
2018-04-25,Taiwan,Xialiao_Beach,25.21469,121.65406,B,3,1,5,microplastics,13,32,0,0,0,0,0,0,0
2018-04-25,Taiwan,Xialiao_Beach,25.21469,121.65406,B,4,1,5,microplastics,11,36,0,0,0,0,0,0,0
2018-04-25,Taiwan,Xialiao_Beach,25.21469,121.65406,B,5,1,5,microplastics,14,44,0,0,0,0,0,0,0
2018-04-25,Taiwan,Xialiao_Beach,25.21469,121.65406,B,6,1,5,microplastics,52,31,3,0,0,0,0,0,0
2018-04-25,Taiwan,Xialiao_Beach,25.21469,121.65406,B,7,1,5,microplastics,8,22,1,0,0,0,0,0,0
2018-04-25,Taiwan,Xialiao_Beach,25.21469,121.65406,B,8,1,5,microplastics,5,166,3,2,0,0,0,0,0
2018-04-25,Taiwan,Xialiao_Beach,25.21469,121.65406,B,9,1,5,microplastics,9,76,0,0,0,0,0,0,0
2018-04-25,Taiwan,Xialiao_Beach,25.21469,121.65406,B,10,1,5,microplastics,26,32,9,0,0,0,0,0,0
2018-04-25,Taiwan,Xialiao_Beach,25.21469,121.65406,B,11,1,5,microplastics,10,16,1,0,0,0,0,0,0
2018-04-25,Taiwan,Xialiao_Beach,25.21469,121.65406,B,12,1,5,microplastics,52,53,11,0,0,0,0,0,0
2018-04-25,Taiwan,Xialiao_Beach,25.21469,121.65406,B,13,1,5,microplastics,15,16,2,0,0,0,0,0,0
2018-04-25,Taiwan,Xialiao_Beach,25.21469,121.65406,B,14,1,5,microplastics,0,1,0,0,0,0,0,0,0
2018-04-25,Taiwan,Xialiao_Beach,25.21469,121.65406,B,15,1,5,microplastics,103,91,11,2,0,0,0,0,0
2018-04-25,Taiwan,Xialiao_Beach,25.21469,121.65406,B,16,1,5,microplastics,0,1,0,0,0,0,0,0,0
2018-04-25,Taiwan,Xialiao_Beach,25.21469,121.65406,B,17,1,5,microplastics,1,1,0,0,0,0,0,0,0
2018-04-25,Taiwan,Xialiao_Beach,25.21469,121.65406,B,18,1,5,microplastics,0,0,0,0,0,0,0,0,0
2018-04-25,Taiwan,Xialiao_Beach,25.21469,121.65406,B,19,1,5,microplastics,0,0,0,0,0,0,0,0,0
2018-04-25,Taiwan,Xialiao_Beach,25.21469,121.65406,B,20,1,5,microplastics,0,0,0,0,0,0,0,0,0
2018-04-25,Taiwan,Xialiao_Beach,25.21469,121.65406,B,21,1,5,microplastics,0,0,0,0,0,0,0,0,0
2018-04-25,Taiwan,Xialiao_Beach,25.21469,121.65406,B,22,1,5,microplastics,0,0,0,0,0,0,0,0,0
2018-04-25,Taiwan,Xialiao_Beach,25.21469,121.65406,B,23,1,5,microplastics,0,0,0,0,0,0,0,0,0
2018-04-25,Taiwan,Xialiao_Beach,25.21469,121.65406,C,1,1,5,microplastics,14,27,2,0,0,0,0,0,0
2018-04-25,Taiwan,Xialiao_Beach,25.21469,121.65406,C,2,1,5,microplastics,14,54,0,0,0,0,0,0,0
2018-04-25,Taiwan,Xialiao_Beach,25.21469,121.65406,C,3,1,5,microplastics,3,29,1,0,0,0,0,0,0
2018-04-25,Taiwan,Xialiao_Beach,25.21469,121.65406,C,4,1,5,microplastics,4,38,2,0,0,0,0,0,0
2018-04-25,Taiwan,Xialiao_Beach,25.21469,121.65406,C,5,1,5,microplastics,7,26,2,0,0,0,0,0,0
2018-04-25,Taiwan,Xialiao_Beach,25.21469,121.65406,C,6,1,5,microplastics,8,107,0,0,0,0,0,0,0
2018-04-25,Taiwan,Xialiao_Beach,25.21469,121.65406,C,7,1,5,microplastics,2,18,0,0,0,0,0,0,0
2018-04-25,Taiwan,Xialiao_Beach,25.21469,121.65406,C,8,1,5,microplastics,13,32,3,0,0,0,0,0,0
2018-04-25,Taiwan,Xialiao_Beach,25.21469,121.65406,C,9,1,5,microplastics,13,119,2,1,0,0,0,0,0
2018-04-25,Taiwan,Xialiao_Beach,25.21469,121.65406,C,10,1,5,microplastics,18,108,4,0,0,0,0,0,0
2018-04-25,Taiwan,Xialiao_Beach,25.21469,121.65406,C,11,1,5,microplastics,13,7,1,0,0,0,0,0,0
2018-04-25,Taiwan,Xialiao_Beach,25.21469,121.65406,C,12,1,5,microplastics,6,9,1,0,0,0,0,0,0
2018-04-25,Taiwan,Xialiao_Beach,25.21469,121.65406,C,13,1,5,microplastics,8,7,1,0,0,0,0,0,0
2018-04-25,Taiwan,Xialiao_Beach,25.21469,121.65406,C,14,1,5,microplastics,55,80,14,0,0,0,0,0,0
2018-04-25,Taiwan,Xialiao_Beach,25.21469,121.65406,C,15,1,5,microplastics,6,3,1,0,0,0,0,0,0
2018-04-25,Taiwan,Xialiao_Beach,25.21469,121.65406,C,16,1,5,microplastics,7,5,1,0,0,0,0,0,0
2018-04-25,Taiwan,Xialiao_Beach,25.21469,121.65406,C,17,1,5,microplastics,1,0,0,0,0,0,0,0,0
2018-04-25,Taiwan,Xialiao_Beach,25.21469,121.65406,C,18,1,5,microplastics,2,2,0,0,0,0,0,0,0
2018-04-25,Taiwan,Xialiao_Beach,25.21469,121.65406,C,19,1,5,microplastics,1,2,0,0,0,0,0,0,0
2018-04-25,Taiwan,Xialiao_Beach,25.21469,121.65406,C,20,1,5,microplastics,1,2,0,0,0,0,0,0,0
2018-04-25,Taiwan,Xialiao_Beach,25.21469,121.65406,C,21,1,5,microplastics,0,0,0,0,0,0,0,0,0
2018-04-25,Taiwan,Xialiao_Beach,25.21469,121.65406,C,22,1,5,microplastics,0,0,0,0,0,0,0,0,0
2018-04-25,Taiwan,Xialiao_Beach,25.21469,121.65406,C,23,1,5,microplastics,2,1,0,0,0,0,0,0,0
2018-04-25,Taiwan,Xialiao_Beach,25.21469,121.65406,A,1,5,25,mesoplastics,1,6,0,0,0,0,0,0,0
2018-04-25,Taiwan,Xialiao_Beach,25.21469,121.65406,A,2,5,25,mesoplastics,1,6,0,0,0,0,0,0,0
2018-04-25,Taiwan,Xialiao_Beach,25.21469,121.65406,A,3,5,25,mesoplastics,0,7,0,0,0,0,0,0,0
2018-04-25,Taiwan,Xialiao_Beach,25.21469,121.65406,A,4,5,25,mesoplastics,1,4,0,0,0,0,0,0,0
2018-04-25,Taiwan,Xialiao_Beach,25.21469,121.65406,A,5,5,25,mesoplastics,1,18,0,0,0,0,0,0,0
2018-04-25,Taiwan,Xialiao_Beach,25.21469,121.65406,A,6,5,25,mesoplastics,1,9,0,1,0,0,0,0,0
2018-04-25,Taiwan,Xialiao_Beach,25.21469,121.65406,A,7,5,25,mesoplastics,7,2,0,0,0,0,0,0,0
2018-04-25,Taiwan,Xialiao_Beach,25.21469,121.65406,A,8,5,25,mesoplastics,6,6,0,0,0,0,0,0,0
2018-04-25,Taiwan,Xialiao_Beach,25.21469,121.65406,A,9,5,25,mesoplastics,3,18,0,0,0,0,0,2,0
2018-04-25,Taiwan,Xialiao_Beach,25.21469,121.65406,A,10,5,25,mesoplastics,26,3,0,2,0,0,0,0,0
2018-04-25,Taiwan,Xialiao_Beach,25.21469,121.65406,A,11,5,25,mesoplastics,5,3,0,0,0,0,0,0,0
2018-04-25,Taiwan,Xialiao_Beach,25.21469,121.65406,A,12,5,25,mesoplastics,2,2,0,0,0,0,0,0,0
2018-04-25,Taiwan,Xialiao_Beach,25.21469,121.65406,A,13,5,25,mesoplastics,35,6,0,2,0,0,0,0,0
2018-04-25,Taiwan,Xialiao_Beach,25.21469,121.65406,A,14,5,25,mesoplastics,3,1,0,1,0,0,1,0,0
2018-04-25,Taiwan,Xialiao_Beach,25.21469,121.65406,A,15,5,25,mesoplastics,1,0,0,0,0,0,0,0,0
2018-04-25,Taiwan,Xialiao_Beach,25.21469,121.65406,A,16,5,25,mesoplastics,0,0,0,0,0,0,0,0,0
2018-04-25,Taiwan,Xialiao_Beach,25.21469,121.65406,A,17,5,25,mesoplastics,0,0,0,0,0,0,0,0,0
2018-04-25,Taiwan,Xialiao_Beach,25.21469,121.65406,A,18,5,25,mesoplastics,0,0,0,0,0,0,0,0,0
2018-04-25,Taiwan,Xialiao_Beach,25.21469,121.65406,A,19,5,25,mesoplastics,0,0,0,0,0,0,0,0,0
2018-04-25,Taiwan,Xialiao_Beach,25.21469,121.65406,A,20,5,25,mesoplastics,0,0,0,0,0,0,0,0,0
2018-04-25,Taiwan,Xialiao_Beach,25.21469,121.65406,A,21,5,25,mesoplastics,0,0,0,0,0,0,0,0,0
2018-04-25,Taiwan,Xialiao_Beach,25.21469,121.65406,A,22,5,25,mesoplastics,0,0,0,0,0,0,0,0,0
2018-04-25,Taiwan,Xialiao_Beach,25.21469,121.65406,A,23,5,25,mesoplastics,0,0,0,0,0,0,0,0,0
2018-04-25,Taiwan,Xialiao_Beach,25.21469,121.65406,B,1,5,25,mesoplastics,1,2,0,0,0,0,0,0,0
2018-04-25,Taiwan,Xialiao_Beach,25.21469,121.65406,B,2,5,25,mesoplastics,1,3,0,0,0,0,0,0,0
2018-04-25,Taiwan,Xialiao_Beach,25.21469,121.65406,B,3,5,25,mesoplastics,4,4,0,1,0,0,0,0,0
2018-04-25,Taiwan,Xialiao_Beach,25.21469,121.65406,B,4,5,25,mesoplastics,4,10,0,1,0,0,0,0,0
2018-04-25,Taiwan,Xialiao_Beach,25.21469,121.65406,B,5,5,25,mesoplastics,3,7,0,0,0,0,0,0,0
2018-04-25,Taiwan,Xialiao_Beach,25.21469,121.65406,B,6,5,25,mesoplastics,3,4,0,0,0,0,0,1,0
2018-04-25,Taiwan,Xialiao_Beach,25.21469,121.65406,B,7,5,25,mesoplastics,2,6,0,0,0,0,0,0,0
2018-04-25,Taiwan,Xialiao_Beach,25.21469,121.65406,B,8,5,25,mesoplastics,6,19,0,1,0,0,0,0,0
2018-04-25,Taiwan,Xialiao_Beach,25.21469,121.65406,B,9,5,25,mesoplastics,2,13,0,3,0,0,0,0,0
2018-04-25,Taiwan,Xialiao_Beach,25.21469,121.65406,B,10,5,25,mesoplastics,13,4,1,0,0,0,0,0,0
2018-04-25,Taiwan,Xialiao_Beach,25.21469,121.65406,B,11,5,25,mesoplastics,5,4,0,1,0,0,0,1,0
2018-04-25,Taiwan,Xialiao_Beach,25.21469,121.65406,B,12,5,25,mesoplastics,0,0,0,0,0,0,0,0,0
2018-04-25,Taiwan,Xialiao_Beach,25.21469,121.65406,B,13,5,25,mesoplastics,6,1,0,0,0,0,0,0,0
2018-04-25,Taiwan,Xialiao_Beach,25.21469,121.65406,B,14,5,25,mesoplastics,16,3,1,1,0,0,1,0,0
2018-04-25,Taiwan,Xialiao_Beach,25.21469,121.65406,B,15,5,25,mesoplastics,14,11,0,0,0,0,0,0,0
2018-04-25,Taiwan,Xialiao_Beach,25.21469,121.65406,B,16,5,25,mesoplastics,1,0,0,0,0,0,0,0,0
2018-04-25,Taiwan,Xialiao_Beach,25.21469,121.65406,B,17,5,25,mesoplastics,0,0,0,0,0,0,0,0,0
2018-04-25,Taiwan,Xialiao_Beach,25.21469,121.65406,B,18,5,25,mesoplastics,0,0,0,0,0,0,0,0,0
2018-04-25,Taiwan,Xialiao_Beach,25.21469,121.65406,B,19,5,25,mesoplastics,0,0,0,0,0,0,0,0,0
2018-04-25,Taiwan,Xialiao_Beach,25.21469,121.65406,B,20,5,25,mesoplastics,0,0,0,0,0,0,0,0,0
2018-04-25,Taiwan,Xialiao_Beach,25.21469,121.65406,B,21,5,25,mesoplastics,0,0,0,0,0,0,0,0,0
2018-04-25,Taiwan,Xialiao_Beach,25.21469,121.65406,B,22,5,25,mesoplastics,0,0,0,0,0,0,0,0,0
2018-04-25,Taiwan,Xialiao_Beach,25.21469,121.65406,B,23,5,25,mesoplastics,0,0,0,0,0,0,0,0,0
2018-04-25,Taiwan,Xialiao_Beach,25.21469,121.65406,C,1,5,25,mesoplastics,1,3,0,0,0,0,0,0,0
2018-04-25,Taiwan,Xialiao_Beach,25.21469,121.65406,C,2,5,25,mesoplastics,1,14,0,1,0,0,0,0,0
2018-04-25,Taiwan,Xialiao_Beach,25.21469,121.65406,C,3,5,25,mesoplastics,0,2,0,3,0,0,0,0,0
2018-04-25,Taiwan,Xialiao_Beach,25.21469,121.65406,C,4,5,25,mesoplastics,0,7,0,3,0,0,0,0,0
2018-04-25,Taiwan,Xialiao_Beach,25.21469,121.65406,C,5,5,25,mesoplastics,0,6,0,0,0,0,0,0,0
2018-04-25,Taiwan,Xialiao_Beach,25.21469,121.65406,C,6,5,25,mesoplastics,1,13,0,2,0,0,0,0,0
2018-04-25,Taiwan,Xialiao_Beach,25.21469,121.65406,C,7,5,25,mesoplastics,1,3,0,1,0,0,0,0,0
2018-04-25,Taiwan,Xialiao_Beach,25.21469,121.65406,C,8,5,25,mesoplastics,1,3,0,2,0,0,0,0,0
2018-04-25,Taiwan,Xialiao_Beach,25.21469,121.65406,C,9,5,25,mesoplastics,3,23,0,0,0,0,0,0,0
2018-04-25,Taiwan,Xialiao_Beach,25.21469,121.65406,C,10,5,25,mesoplastics,3,6,0,0,0,0,0,0,0
2018-04-25,Taiwan,Xialiao_Beach,25.21469,121.65406,C,11,5,25,mesoplastics,1,2,0,0,0,0,0,0,0
2018-04-25,Taiwan,Xialiao_Beach,25.21469,121.65406,C,12,5,25,mesoplastics,1,0,1,0,0,0,0,0,0
2018-04-25,Taiwan,Xialiao_Beach,25.21469,121.65406,C,13,5,25,mesoplastics,1,0,0,0,0,0,0,0,0
2018-04-25,Taiwan,Xialiao_Beach,25.21469,121.65406,C,14,5,25,mesoplastics,8,7,0,0,0,0,1,0,0
2018-04-25,Taiwan,Xialiao_Beach,25.21469,121.65406,C,15,5,25,mesoplastics,1,0,0,0,0,0,0,0,0
2018-04-25,Taiwan,Xialiao_Beach,25.21469,121.65406,C,16,5,25,mesoplastics,0,0,0,0,0,0,0,0,0
2018-04-25,Taiwan,Xialiao_Beach,25.21469,121.65406,C,17,5,25,mesoplastics,0,0,0,0,0,0,0,0,0
2018-04-25,Taiwan,Xialiao_Beach,25.21469,121.65406,C,18,5,25,mesoplastics,0,0,0,0,0,0,0,0,0
2018-04-25,Taiwan,Xialiao_Beach,25.21469,121.65406,C,19,5,25,mesoplastics,1,0,0,0,0,0,0,0,0
2018-04-25,Taiwan,Xialiao_Beach,25.21469,121.65406,C,20,5,25,mesoplastics,1,0,0,0,0,0,0,0,0
2018-04-25,Taiwan,Xialiao_Beach,25.21469,121.65406,C,21,5,25,mesoplastics,0,0,0,0,0,0,0,0,0
2018-04-25,Taiwan,Xialiao_Beach,25.21469,121.65406,C,22,5,25,mesoplastics,0,0,0,0,0,0,0,0,0
2018-04-25,Taiwan,Xialiao_Beach,25.21469,121.65406,C,23,5,25,mesoplastics,0,0,0,0,0,0,0,0,0
2018-05-25,Taiwan,Xialiao_Beach,25.21469,121.65406,A,1,1,5,microplastics,17,280,1,1,0,2,0,0,0
2018-05-25,Taiwan,Xialiao_Beach,25.21469,121.65406,A,2,1,5,microplastics,10,271,1,1,0,0,0,0,0
2018-05-25,Taiwan,Xialiao_Beach,25.21469,121.65406,A,3,1,5,microplastics,11,58,0,1,0,1,0,0,0
2018-05-25,Taiwan,Xialiao_Beach,25.21469,121.65406,A,4,1,5,microplastics,16,87,0,0,0,0,0,0,0
2018-05-25,Taiwan,Xialiao_Beach,25.21469,121.65406,A,5,1,5,microplastics,13,394,0,1,0,2,0,0,0
2018-05-25,Taiwan,Xialiao_Beach,25.21469,121.65406,A,6,1,5,microplastics,7,53,3,1,0,0,0,0,0
2018-05-25,Taiwan,Xialiao_Beach,25.21469,121.65406,A,7,1,5,microplastics,2,120,3,0,0,0,0,0,0
2018-05-25,Taiwan,Xialiao_Beach,25.21469,121.65406,A,8,1,5,microplastics,15,194,9,2,0,2,0,0,0
2018-05-25,Taiwan,Xialiao_Beach,25.21469,121.65406,A,9,1,5,microplastics,52,201,13,3,0,1,0,0,0
2018-05-25,Taiwan,Xialiao_Beach,25.21469,121.65406,A,10,1,5,microplastics,22,38,1,0,0,0,0,0,0
2018-05-25,Taiwan,Xialiao_Beach,25.21469,121.65406,A,11,1,5,microplastics,12,14,0,0,0,0,0,0,0
2018-05-25,Taiwan,Xialiao_Beach,25.21469,121.65406,A,12,1,5,microplastics,17,31,1,0,0,1,0,0,0
2018-05-25,Taiwan,Xialiao_Beach,25.21469,121.65406,A,13,1,5,microplastics,11,6,0,0,0,0,0,0,0
2018-05-25,Taiwan,Xialiao_Beach,25.21469,121.65406,A,14,1,5,microplastics,9,5,1,0,0,0,0,0,0
2018-05-25,Taiwan,Xialiao_Beach,25.21469,121.65406,A,15,1,5,microplastics,43,102,7,0,0,0,0,0,0
2018-05-25,Taiwan,Xialiao_Beach,25.21469,121.65406,A,16,1,5,microplastics,3,3,1,0,0,0,0,0,0
2018-05-25,Taiwan,Xialiao_Beach,25.21469,121.65406,A,17,1,5,microplastics,0,2,0,0,0,0,0,0,0
2018-05-25,Taiwan,Xialiao_Beach,25.21469,121.65406,A,18,1,5,microplastics,0,1,0,0,0,0,0,0,0
2018-05-25,Taiwan,Xialiao_Beach,25.21469,121.65406,A,19,1,5,microplastics,3,1,0,0,0,0,0,0,0
2018-05-25,Taiwan,Xialiao_Beach,25.21469,121.65406,A,20,1,5,microplastics,4,10,2,0,0,0,0,0,0
2018-05-25,Taiwan,Xialiao_Beach,25.21469,121.65406,A,21,1,5,microplastics,15,13,1,0,0,0,0,0,0
2018-05-25,Taiwan,Xialiao_Beach,25.21469,121.65406,A,22,1,5,microplastics,1,0,0,0,0,0,0,0,0
2018-05-25,Taiwan,Xialiao_Beach,25.21469,121.65406,A,23,1,5,microplastics,1,1,0,0,0,0,0,0,0
2018-05-25,Taiwan,Xialiao_Beach,25.21469,121.65406,B,1,1,5,microplastics,21,637,4,9,0,0,0,0,0
2018-05-25,Taiwan,Xialiao_Beach,25.21469,121.65406,B,2,1,5,microplastics,8,71,0,0,0,0,0,0,0
2018-05-25,Taiwan,Xialiao_Beach,25.21469,121.65406,B,3,1,5,microplastics,8,77,0,0,0,0,0,0,0
2018-05-25,Taiwan,Xialiao_Beach,25.21469,121.65406,B,4,1,5,microplastics,6,58,0,0,0,0,0,0,0
2018-05-25,Taiwan,Xialiao_Beach,25.21469,121.65406,B,5,1,5,microplastics,7,384,2,0,0,0,0,0,0
2018-05-25,Taiwan,Xialiao_Beach,25.21469,121.65406,B,6,1,5,microplastics,7,89,0,0,0,1,0,0,0
2018-05-25,Taiwan,Xialiao_Beach,25.21469,121.65406,B,7,1,5,microplastics,7,55,2,1,0,0,0,0,0
2018-05-25,Taiwan,Xialiao_Beach,25.21469,121.65406,B,8,1,5,microplastics,17,166,2,0,0,0,0,0,0
2018-05-25,Taiwan,Xialiao_Beach,25.21469,121.65406,B,9,1,5,microplastics,37,314,14,1,0,0,0,0,0
2018-05-25,Taiwan,Xialiao_Beach,25.21469,121.65406,B,10,1,5,microplastics,1,78,2,0,0,0,0,0,0
2018-05-25,Taiwan,Xialiao_Beach,25.21469,121.65406,B,11,1,5,microplastics,7,24,0,0,0,0,0,0,0
2018-05-25,Taiwan,Xialiao_Beach,25.21469,121.65406,B,12,1,5,microplastics,21,7,1,0,0,0,0,0,0
2018-05-25,Taiwan,Xialiao_Beach,25.21469,121.65406,B,13,1,5,microplastics,17,4,3,0,0,0,0,1,0
2018-05-25,Taiwan,Xialiao_Beach,25.21469,121.65406,B,14,1,5,microplastics,13,22,1,0,0,0,0,0,0
2018-05-25,Taiwan,Xialiao_Beach,25.21469,121.65406,B,15,1,5,microplastics,18,9,2,0,0,0,0,0,0
2018-05-25,Taiwan,Xialiao_Beach,25.21469,121.65406,B,16,1,5,microplastics,2,1,0,0,0,0,0,0,0
2018-05-25,Taiwan,Xialiao_Beach,25.21469,121.65406,B,17,1,5,microplastics,1,0,0,0,0,0,0,0,0
2018-05-25,Taiwan,Xialiao_Beach,25.21469,121.65406,B,18,1,5,microplastics,1,0,0,0,0,0,0,0,0
2018-05-25,Taiwan,Xialiao_Beach,25.21469,121.65406,B,19,1,5,microplastics,0,1,0,0,0,0,0,0,0
2018-05-25,Taiwan,Xialiao_Beach,25.21469,121.65406,B,20,1,5,microplastics,2,3,1,0,0,0,0,0,0
2018-05-25,Taiwan,Xialiao_Beach,25.21469,121.65406,B,21,1,5,microplastics,10,14,0,0,0,0,0,0,0
2018-05-25,Taiwan,Xialiao_Beach,25.21469,121.65406,B,22,1,5,microplastics,0,0,0,0,0,0,0,0,0
2018-05-25,Taiwan,Xialiao_Beach,25.21469,121.65406,B,23,1,5,microplastics,2,0,0,0,0,0,0,0,0
2018-05-25,Taiwan,Xialiao_Beach,25.21469,121.65406,C,1,1,5,microplastics,16,597,0,3,0,0,0,0,0
2018-05-25,Taiwan,Xialiao_Beach,25.21469,121.65406,C,2,1,5,microplastics,12,169,0,3,0,1,0,0,0
2018-05-25,Taiwan,Xialiao_Beach,25.21469,121.65406,C,3,1,5,microplastics,14,49,0,0,0,0,0,0,0
2018-05-25,Taiwan,Xialiao_Beach,25.21469,121.65406,C,4,1,5,microplastics,6,97,1,0,0,0,0,0,0
2018-05-25,Taiwan,Xialiao_Beach,25.21469,121.65406,C,5,1,5,microplastics,18,205,1,4,0,1,0,0,0
2018-05-25,Taiwan,Xialiao_Beach,25.21469,121.65406,C,6,1,5,microplastics,3,29,2,0,0,0,0,0,0
2018-05-25,Taiwan,Xialiao_Beach,25.21469,121.65406,C,7,1,5,microplastics,5,62,1,0,0,0,0,0,0
2018-05-25,Taiwan,Xialiao_Beach,25.21469,121.65406,C,8,1,5,microplastics,26,183,1,0,0,0,0,0,0
2018-05-25,Taiwan,Xialiao_Beach,25.21469,121.65406,C,9,1,5,microplastics,28,122,5,1,0,2,0,0,0
2018-05-25,Taiwan,Xialiao_Beach,25.21469,121.65406,C,10,1,5,microplastics,13,50,3,0,0,1,0,0,0
2018-05-25,Taiwan,Xialiao_Beach,25.21469,121.65406,C,11,1,5,microplastics,7,17,2,0,0,0,0,0,0
2018-05-25,Taiwan,Xialiao_Beach,25.21469,121.65406,C,12,1,5,microplastics,5,6,1,0,0,0,0,0,0
2018-05-25,Taiwan,Xialiao_Beach,25.21469,121.65406,C,13,1,5,microplastics,24,59,4,0,0,0,0,0,0
2018-05-25,Taiwan,Xialiao_Beach,25.21469,121.65406,C,14,1,5,microplastics,26,26,13,0,0,0,0,0,0
2018-05-25,Taiwan,Xialiao_Beach,25.21469,121.65406,C,15,1,5,microplastics,13,7,1,0,0,0,0,0,0
2018-05-25,Taiwan,Xialiao_Beach,25.21469,121.65406,C,16,1,5,microplastics,3,0,0,0,0,0,0,0,0
2018-05-25,Taiwan,Xialiao_Beach,25.21469,121.65406,C,17,1,5,microplastics,0,0,0,0,0,0,0,0,0
2018-05-25,Taiwan,Xialiao_Beach,25.21469,121.65406,C,18,1,5,microplastics,0,0,0,0,0,0,0,0,0
2018-05-25,Taiwan,Xialiao_Beach,25.21469,121.65406,C,19,1,5,microplastics,1,0,0,0,0,0,0,0,0
2018-05-25,Taiwan,Xialiao_Beach,25.21469,121.65406,C,20,1,5,microplastics,5,8,0,0,0,0,0,0,0
2018-05-25,Taiwan,Xialiao_Beach,25.21469,121.65406,C,21,1,5,microplastics,6,2,0,0,0,0,0,0,0
2018-05-25,Taiwan,Xialiao_Beach,25.21469,121.65406,C,22,1,5,microplastics,0,1,0,0,0,0,0,0,0
2018-05-25,Taiwan,Xialiao_Beach,25.21469,121.65406,C,23,1,5,microplastics,1,0,0,0,0,0,0,0,0
2018-05-25,Taiwan,Xialiao_Beach,25.21469,121.65406,A,1,5,25,mesoplastics,2,27,0,1,0,0,0,0,0
2018-05-25,Taiwan,Xialiao_Beach,25.21469,121.65406,A,2,5,25,mesoplastics,1,33,0,1,0,0,0,0,0
2018-05-25,Taiwan,Xialiao_Beach,25.21469,121.65406,A,3,5,25,mesoplastics,5,4,0,2,0,0,0,0,0
2018-05-25,Taiwan,Xialiao_Beach,25.21469,121.65406,A,4,5,25,mesoplastics,2,9,0,0,0,0,0,0,0
2018-05-25,Taiwan,Xialiao_Beach,25.21469,121.65406,A,5,5,25,mesoplastics,6,42,0,11,0,0,0,0,0
2018-05-25,Taiwan,Xialiao_Beach,25.21469,121.65406,A,6,5,25,mesoplastics,2,0,0,0,0,0,0,0,0
2018-05-25,Taiwan,Xialiao_Beach,25.21469,121.65406,A,7,5,25,mesoplastics,2,12,0,0,0,0,0,0,0
2018-05-25,Taiwan,Xialiao_Beach,25.21469,121.65406,A,8,5,25,mesoplastics,10,32,0,3,0,1,0,0,0
2018-05-25,Taiwan,Xialiao_Beach,25.21469,121.65406,A,9,5,25,mesoplastics,10,28,0,3,0,1,0,0,0
2018-05-25,Taiwan,Xialiao_Beach,25.21469,121.65406,A,10,5,25,mesoplastics,4,6,0,0,0,0,0,0,0
2018-05-25,Taiwan,Xialiao_Beach,25.21469,121.65406,A,11,5,25,mesoplastics,2,1,0,0,0,0,0,0,0
2018-05-25,Taiwan,Xialiao_Beach,25.21469,121.65406,A,12,5,25,mesoplastics,4,6,0,0,0,0,0,0,0
2018-05-25,Taiwan,Xialiao_Beach,25.21469,121.65406,A,13,5,25,mesoplastics,1,0,0,0,0,0,0,0,0
2018-05-25,Taiwan,Xialiao_Beach,25.21469,121.65406,A,14,5,25,mesoplastics,1,1,0,0,0,0,1,0,1
2018-05-25,Taiwan,Xialiao_Beach,25.21469,121.65406,A,15,5,25,mesoplastics,11,7,0,0,0,0,0,0,0
2018-05-25,Taiwan,Xialiao_Beach,25.21469,121.65406,A,16,5,25,mesoplastics,1,1,0,0,0,0,0,0,0
2018-05-25,Taiwan,Xialiao_Beach,25.21469,121.65406,A,17,5,25,mesoplastics,0,0,0,0,0,0,0,0,0
2018-05-25,Taiwan,Xialiao_Beach,25.21469,121.65406,A,18,5,25,mesoplastics,0,0,0,0,0,0,0,0,0
2018-05-25,Taiwan,Xialiao_Beach,25.21469,121.65406,A,19,5,25,mesoplastics,1,0,0,0,0,0,0,0,0
2018-05-25,Taiwan,Xialiao_Beach,25.21469,121.65406,A,20,5,25,mesoplastics,3,1,0,0,0,0,0,0,0
2018-05-25,Taiwan,Xialiao_Beach,25.21469,121.65406,A,21,5,25,mesoplastics,0,0,0,0,0,0,0,0,0
2018-05-25,Taiwan,Xialiao_Beach,25.21469,121.65406,A,22,5,25,mesoplastics,0,0,0,0,0,0,0,0,0
2018-05-25,Taiwan,Xialiao_Beach,25.21469,121.65406,A,23,5,25,mesoplastics,0,0,0,0,0,0,0,0,0
2018-05-25,Taiwan,Xialiao_Beach,25.21469,121.65406,B,1,5,25,mesoplastics,5,47,0,4,0,1,0,0,0
2018-05-25,Taiwan,Xialiao_Beach,25.21469,121.65406,B,2,5,25,mesoplastics,4,5,0,2,0,0,0,0,0
2018-05-25,Taiwan,Xialiao_Beach,25.21469,121.65406,B,3,5,25,mesoplastics,1,10,0,2,0,0,0,0,0
2018-05-25,Taiwan,Xialiao_Beach,25.21469,121.65406,B,4,5,25,mesoplastics,3,3,0,0,0,1,0,0,0
2018-05-25,Taiwan,Xialiao_Beach,25.21469,121.65406,B,5,5,25,mesoplastics,0,58,0,3,0,0,0,0,0
2018-05-25,Taiwan,Xialiao_Beach,25.21469,121.65406,B,6,5,25,mesoplastics,0,20,0,2,0,0,0,0,0
2018-05-25,Taiwan,Xialiao_Beach,25.21469,121.65406,B,7,5,25,mesoplastics,5,3,0,0,0,1,0,0,0
2018-05-25,Taiwan,Xialiao_Beach,25.21469,121.65406,B,8,5,25,mesoplastics,2,26,0,1,0,0,0,0,0
2018-05-25,Taiwan,Xialiao_Beach,25.21469,121.65406,B,9,5,25,mesoplastics,11,28,0,3,0,2,0,0,0
2018-05-25,Taiwan,Xialiao_Beach,25.21469,121.65406,B,10,5,25,mesoplastics,0,8,0,0,0,0,0,0,0
2018-05-25,Taiwan,Xialiao_Beach,25.21469,121.65406,B,11,5,25,mesoplastics,0,3,0,0,0,0,0,0,0
2018-05-25,Taiwan,Xialiao_Beach,25.21469,121.65406,B,12,5,25,mesoplastics,4,3,0,0,0,0,0,0,0
2018-05-25,Taiwan,Xialiao_Beach,25.21469,121.65406,B,13,5,25,mesoplastics,6,1,0,1,0,0,0,0,0
2018-05-25,Taiwan,Xialiao_Beach,25.21469,121.65406,B,14,5,25,mesoplastics,4,2,0,0,0,0,0,0,0
2018-05-25,Taiwan,Xialiao_Beach,25.21469,121.65406,B,15,5,25,mesoplastics,0,0,0,0,0,0,0,0,1
2018-05-25,Taiwan,Xialiao_Beach,25.21469,121.65406,B,16,5,25,mesoplastics,1,0,0,0,0,0,0,0,0
2018-05-25,Taiwan,Xialiao_Beach,25.21469,121.65406,B,17,5,25,mesoplastics,0,0,0,0,0,0,0,0,0
2018-05-25,Taiwan,Xialiao_Beach,25.21469,121.65406,B,18,5,25,mesoplastics,0,0,0,0,0,0,0,0,0
2018-05-25,Taiwan,Xialiao_Beach,25.21469,121.65406,B,19,5,25,mesoplastics,0,0,0,0,0,0,0,0,0
2018-05-25,Taiwan,Xialiao_Beach,25.21469,121.65406,B,20,5,25,mesoplastics,0,0,0,0,0,0,0,0,0
2018-05-25,Taiwan,Xialiao_Beach,25.21469,121.65406,B,21,5,25,mesoplastics,1,1,0,0,0,0,0,0,0
2018-05-25,Taiwan,Xialiao_Beach,25.21469,121.65406,B,22,5,25,mesoplastics,0,0,0,0,0,0,0,0,0
2018-05-25,Taiwan,Xialiao_Beach,25.21469,121.65406,B,23,5,25,mesoplastics,0,0,0,0,0,0,0,0,0
2018-05-25,Taiwan,Xialiao_Beach,25.21469,121.65406,C,1,5,25,mesoplastics,7,60,0,0,3,0,0,0,0
2018-05-25,Taiwan,Xialiao_Beach,25.21469,121.65406,C,2,5,25,mesoplastics,1,36,0,5,0,0,0,0,0
2018-05-25,Taiwan,Xialiao_Beach,25.21469,121.65406,C,3,5,25,mesoplastics,1,5,0,0,0,0,0,1,0
2018-05-25,Taiwan,Xialiao_Beach,25.21469,121.65406,C,4,5,25,mesoplastics,0,13,0,1,0,0,0,0,0
2018-05-25,Taiwan,Xialiao_Beach,25.21469,121.65406,C,5,5,25,mesoplastics,0,24,0,0,0,0,0,0,0
2018-05-25,Taiwan,Xialiao_Beach,25.21469,121.65406,C,6,5,25,mesoplastics,2,3,0,0,0,0,0,0,0
2018-05-25,Taiwan,Xialiao_Beach,25.21469,121.65406,C,7,5,25,mesoplastics,0,6,0,1,0,0,0,0,0
2018-05-25,Taiwan,Xialiao_Beach,25.21469,121.65406,C,8,5,25,mesoplastics,6,21,0,2,0,0,0,0,0
2018-05-25,Taiwan,Xialiao_Beach,25.21469,121.65406,C,9,5,25,mesoplastics,14,16,0,0,0,1,0,0,0
2018-05-25,Taiwan,Xialiao_Beach,25.21469,121.65406,C,10,5,25,mesoplastics,2,12,0,1,1,1,0,0,0
2018-05-25,Taiwan,Xialiao_Beach,25.21469,121.65406,C,11,5,25,mesoplastics,0,1,0,0,0,0,0,0,0
2018-05-25,Taiwan,Xialiao_Beach,25.21469,121.65406,C,12,5,25,mesoplastics,0,1,0,0,0,0,0,0,0
2018-05-25,Taiwan,Xialiao_Beach,25.21469,121.65406,C,13,5,25,mesoplastics,11,6,0,0,0,0,0,0,0
2018-05-25,Taiwan,Xialiao_Beach,25.21469,121.65406,C,14,5,25,mesoplastics,9,6,0,0,0,0,0,0,0
2018-05-25,Taiwan,Xialiao_Beach,25.21469,121.65406,C,15,5,25,mesoplastics,2,0,0,0,0,0,0,0,0
2018-05-25,Taiwan,Xialiao_Beach,25.21469,121.65406,C,16,5,25,mesoplastics,0,0,0,0,0,0,0,0,0
2018-05-25,Taiwan,Xialiao_Beach,25.21469,121.65406,C,17,5,25,mesoplastics,0,0,0,0,0,0,0,0,0
2018-05-25,Taiwan,Xialiao_Beach,25.21469,121.65406,C,18,5,25,mesoplastics,0,0,0,0,0,0,0,0,0
2018-05-25,Taiwan,Xialiao_Beach,25.21469,121.65406,C,19,5,25,mesoplastics,0,1,0,0,0,0,0,0,0
2018-05-25,Taiwan,Xialiao_Beach,25.21469,121.65406,C,20,5,25,mesoplastics,1,2,0,1,0,0,0,0,0
2018-05-25,Taiwan,Xialiao_Beach,25.21469,121.65406,C,21,5,25,mesoplastics,0,0,0,0,0,0,0,0,0
2018-05-25,Taiwan,Xialiao_Beach,25.21469,121.65406,C,22,5,25,mesoplastics,0,0,0,0,0,0,0,0,0
2018-05-25,Taiwan,Xialiao_Beach,25.21469,121.65406,C,23,5,25,mesoplastics,0,0,0,0,0,0,0,0,0
2018-07-18,Taiwan,Xialiao_Beach,25.21469,121.65406,A,1,1,5,microplastics,5,8,2,0,0,0,0,0,0
2018-07-18,Taiwan,Xialiao_Beach,25.21469,121.65406,A,2,1,5,microplastics,26,274,0,0,0,0,0,0,0
2018-07-18,Taiwan,Xialiao_Beach,25.21469,121.65406,A,3,1,5,microplastics,4,151,1,0,0,0,0,0,0
2018-07-18,Taiwan,Xialiao_Beach,25.21469,121.65406,A,4,1,5,microplastics,6,131,1,0,0,0,0,0,0
2018-07-18,Taiwan,Xialiao_Beach,25.21469,121.65406,A,5,1,5,microplastics,23,2175,0,0,0,0,0,0,0
2018-07-18,Taiwan,Xialiao_Beach,25.21469,121.65406,A,6,1,5,microplastics,79,1972,45,0,0,0,0,0,0
2018-07-18,Taiwan,Xialiao_Beach,25.21469,121.65406,A,7,1,5,microplastics,22,380,17,0,0,0,0,0,0
2018-07-18,Taiwan,Xialiao_Beach,25.21469,121.65406,A,8,1,5,microplastics,9,2,6,0,0,0,0,0,0
2018-07-18,Taiwan,Xialiao_Beach,25.21469,121.65406,A,9,1,5,microplastics,12,19,10,0,1,0,0,0,0
2018-07-18,Taiwan,Xialiao_Beach,25.21469,121.65406,A,10,1,5,microplastics,9,7,10,0,0,0,0,0,0
2018-07-18,Taiwan,Xialiao_Beach,25.21469,121.65406,A,11,1,5,microplastics,19,3,13,0,0,0,0,0,0
2018-07-18,Taiwan,Xialiao_Beach,25.21469,121.65406,A,12,1,5,microplastics,24,47,28,0,4,0,0,0,0
2018-07-18,Taiwan,Xialiao_Beach,25.21469,121.65406,A,13,1,5,microplastics,31,163,19,0,1,0,0,0,0
2018-07-18,Taiwan,Xialiao_Beach,25.21469,121.65406,A,14,1,5,microplastics,61,158,61,0,0,0,0,0,0
2018-07-18,Taiwan,Xialiao_Beach,25.21469,121.65406,A,15,1,5,microplastics,63,13,46,0,0,0,0,0,0
2018-07-18,Taiwan,Xialiao_Beach,25.21469,121.65406,A,16,1,5,microplastics,142,333,72,0,0,0,0,0,0
2018-07-18,Taiwan,Xialiao_Beach,25.21469,121.65406,A,17,1,5,microplastics,19,140,11,0,2,0,0,0,0
2018-07-18,Taiwan,Xialiao_Beach,25.21469,121.65406,A,18,1,5,microplastics,8,7,1,0,0,0,0,0,0
2018-07-18,Taiwan,Xialiao_Beach,25.21469,121.65406,A,19,1,5,microplastics,3,3,0,0,0,0,0,0,0
2018-07-18,Taiwan,Xialiao_Beach,25.21469,121.65406,A,20,1,5,microplastics,1,0,0,0,0,0,0,0,0
2018-07-18,Taiwan,Xialiao_Beach,25.21469,121.65406,A,21,1,5,microplastics,0,0,0,0,0,0,0,0,0
2018-07-18,Taiwan,Xialiao_Beach,25.21469,121.65406,A,22,1,5,microplastics,0,0,0,0,0,0,0,0,0
2018-07-18,Taiwan,Xialiao_Beach,25.21469,121.65406,B,1,1,5,microplastics,6,103,2,0,0,0,0,0,0
2018-07-18,Taiwan,Xialiao_Beach,25.21469,121.65406,B,2,1,5,microplastics,7,169,3,0,3,0,0,0,0
2018-07-18,Taiwan,Xialiao_Beach,25.21469,121.65406,B,3,1,5,microplastics,12,176,2,0,0,0,0,0,0
2018-07-18,Taiwan,Xialiao_Beach,25.21469,121.65406,B,4,1,5,microplastics,8,98,0,0,0,0,0,0,0
2018-07-18,Taiwan,Xialiao_Beach,25.21469,121.65406,B,5,1,5,microplastics,9,223,1,0,1,0,0,0,0
2018-07-18,Taiwan,Xialiao_Beach,25.21469,121.65406,B,6,1,5,microplastics,525,7586,335,1,0,0,0,0,0
2018-07-18,Taiwan,Xialiao_Beach,25.21469,121.65406,B,7,1,5,microplastics,22,15,22,0,0,0,0,0,0
2018-07-18,Taiwan,Xialiao_Beach,25.21469,121.65406,B,8,1,5,microplastics,32,2,24,0,0,0,0,0,0
2018-07-18,Taiwan,Xialiao_Beach,25.21469,121.65406,B,9,1,5,microplastics,25,4,5,0,0,0,0,0,0
2018-07-18,Taiwan,Xialiao_Beach,25.21469,121.65406,B,10,1,5,microplastics,11,10,13,0,0,0,0,0,0
2018-07-18,Taiwan,Xialiao_Beach,25.21469,121.65406,B,11,1,5,microplastics,20,16,12,0,0,0,0,0,0
2018-07-18,Taiwan,Xialiao_Beach,25.21469,121.65406,B,12,1,5,microplastics,31,29,15,0,2,0,0,0,0
2018-07-18,Taiwan,Xialiao_Beach,25.21469,121.65406,B,13,1,5,microplastics,12,126,13,0,0,0,0,0,0
2018-07-18,Taiwan,Xialiao_Beach,25.21469,121.65406,B,14,1,5,microplastics,278,2358,187,0,0,0,0,0,0
2018-07-18,Taiwan,Xialiao_Beach,25.21469,121.65406,B,15,1,5,microplastics,18,4,12,0,0,0,0,0,0
2018-07-18,Taiwan,Xialiao_Beach,25.21469,121.65406,B,16,1,5,microplastics,27,53,17,0,0,0,0,0,0
2018-07-18,Taiwan,Xialiao_Beach,25.21469,121.65406,B,17,1,5,microplastics,20,27,4,0,0,0,0,0,0
2018-07-18,Taiwan,Xialiao_Beach,25.21469,121.65406,B,18,1,5,microplastics,3,4,3,0,0,0,0,0,0
2018-07-18,Taiwan,Xialiao_Beach,25.21469,121.65406,B,19,1,5,microplastics,0,0,3,0,0,0,0,0,0
2018-07-18,Taiwan,Xialiao_Beach,25.21469,121.65406,B,20,1,5,microplastics,2,2,0,0,0,0,0,0,0
2018-07-18,Taiwan,Xialiao_Beach,25.21469,121.65406,B,21,1,5,microplastics,0,0,0,0,0,0,0,0,0
2018-07-18,Taiwan,Xialiao_Beach,25.21469,121.65406,B,22,1,5,microplastics,1,1,0,0,0,0,0,0,0
2018-07-18,Taiwan,Xialiao_Beach,25.21469,121.65406,C,1,1,5,microplastics,1,14,0,0,1,0,0,0,0
2018-07-18,Taiwan,Xialiao_Beach,25.21469,121.65406,C,2,1,5,microplastics,5,22,1,0,0,0,0,0,0
2018-07-18,Taiwan,Xialiao_Beach,25.21469,121.65406,C,3,1,5,microplastics,4,142,2,0,0,0,0,0,0
2018-07-18,Taiwan,Xialiao_Beach,25.21469,121.65406,C,4,1,5,microplastics,2,52,0,0,0,0,0,0,0
2018-07-18,Taiwan,Xialiao_Beach,25.21469,121.65406,C,5,1,5,microplastics,2,23,0,0,0,0,0,0,0
2018-07-18,Taiwan,Xialiao_Beach,25.21469,121.65406,C,6,1,5,microplastics,11,13,10,0,0,0,0,0,0
2018-07-18,Taiwan,Xialiao_Beach,25.21469,121.65406,C,7,1,5,microplastics,13,207,12,0,0,0,0,0,0
2018-07-18,Taiwan,Xialiao_Beach,25.21469,121.65406,C,8,1,5,microplastics,13,75,6,0,0,0,0,0,0
2018-07-18,Taiwan,Xialiao_Beach,25.21469,121.65406,C,9,1,5,microplastics,6,10,1,0,0,0,0,0,0
2018-07-18,Taiwan,Xialiao_Beach,25.21469,121.65406,C,10,1,5,microplastics,16,37,3,0,0,0,0,0,0
2018-07-18,Taiwan,Xialiao_Beach,25.21469,121.65406,C,11,1,5,microplastics,9,30,8,0,0,0,0,0,0
2018-07-18,Taiwan,Xialiao_Beach,25.21469,121.65406,C,12,1,5,microplastics,80,777,83,0,0,0,0,0,0
2018-07-18,Taiwan,Xialiao_Beach,25.21469,121.65406,C,13,1,5,microplastics,133,1485,79,0,0,0,0,0,0
2018-07-18,Taiwan,Xialiao_Beach,25.21469,121.65406,C,14,1,5,microplastics,146,1348,89,0,0,0,0,0,0
2018-07-18,Taiwan,Xialiao_Beach,25.21469,121.65406,C,15,1,5,microplastics,19,7,11,0,0,0,0,0,0
2018-07-18,Taiwan,Xialiao_Beach,25.21469,121.65406,C,16,1,5,microplastics,50,74,14,0,0,0,0,0,0
2018-07-18,Taiwan,Xialiao_Beach,25.21469,121.65406,C,17,1,5,microplastics,21,20,14,0,0,0,0,0,0
2018-07-18,Taiwan,Xialiao_Beach,25.21469,121.65406,C,18,1,5,microplastics,29,2,13,0,0,0,0,0,0
2018-07-18,Taiwan,Xialiao_Beach,25.21469,121.65406,C,19,1,5,microplastics,0,0,2,0,0,0,0,0,0
2018-07-18,Taiwan,Xialiao_Beach,25.21469,121.65406,C,20,1,5,microplastics,2,0,4,0,2,0,0,0,0
2018-07-18,Taiwan,Xialiao_Beach,25.21469,121.65406,C,21,1,5,microplastics,1,0,0,0,0,0,0,0,0
2018-07-18,Taiwan,Xialiao_Beach,25.21469,121.65406,C,22,1,5,microplastics,0,0,0,0,0,0,0,0,0
2018-07-18,Taiwan,Xialiao_Beach,25.21469,121.65406,A,1,5,25,mesoplastics,5,1,0,0,0,0,0,0,0
2018-07-18,Taiwan,Xialiao_Beach,25.21469,121.65406,A,2,5,25,mesoplastics,6,54,0,4,0,0,0,0,0
2018-07-18,Taiwan,Xialiao_Beach,25.21469,121.65406,A,3,5,25,mesoplastics,2,19,0,1,1,0,0,0,0
2018-07-18,Taiwan,Xialiao_Beach,25.21469,121.65406,A,4,5,25,mesoplastics,2,23,0,0,0,0,0,0,0
2018-07-18,Taiwan,Xialiao_Beach,25.21469,121.65406,A,5,5,25,mesoplastics,0,161,0,2,0,0,0,0,0
2018-07-18,Taiwan,Xialiao_Beach,25.21469,121.65406,A,6,5,25,mesoplastics,52,297,0,1,0,0,0,0,0
2018-07-18,Taiwan,Xialiao_Beach,25.21469,121.65406,A,7,5,25,mesoplastics,10,28,0,0,0,1,0,0,0
2018-07-18,Taiwan,Xialiao_Beach,25.21469,121.65406,A,8,5,25,mesoplastics,18,0,1,0,0,0,0,0,0
2018-07-18,Taiwan,Xialiao_Beach,25.21469,121.65406,A,9,5,25,mesoplastics,10,0,1,0,0,0,0,0,0
2018-07-18,Taiwan,Xialiao_Beach,25.21469,121.65406,A,10,5,25,mesoplastics,12,5,0,0,0,0,0,0,0
2018-07-18,Taiwan,Xialiao_Beach,25.21469,121.65406,A,11,5,25,mesoplastics,18,0,0,0,0,0,0,0,0
2018-07-18,Taiwan,Xialiao_Beach,25.21469,121.65406,A,12,5,25,mesoplastics,47,1,1,0,0,0,0,0,0
2018-07-18,Taiwan,Xialiao_Beach,25.21469,121.65406,A,13,5,25,mesoplastics,46,4,0,2,0,0,0,0,0
2018-07-18,Taiwan,Xialiao_Beach,25.21469,121.65406,A,14,5,25,mesoplastics,42,7,1,1,0,0,0,0,0
2018-07-18,Taiwan,Xialiao_Beach,25.21469,121.65406,A,15,5,25,mesoplastics,77,0,3,0,0,0,0,0,0
2018-07-18,Taiwan,Xialiao_Beach,25.21469,121.65406,A,16,5,25,mesoplastics,109,9,1,0,0,0,0,0,0
2018-07-18,Taiwan,Xialiao_Beach,25.21469,121.65406,A,17,5,25,mesoplastics,8,1,0,0,0,0,0,0,0
2018-07-18,Taiwan,Xialiao_Beach,25.21469,121.65406,A,18,5,25,mesoplastics,3,1,0,0,0,0,0,0,0
2018-07-18,Taiwan,Xialiao_Beach,25.21469,121.65406,A,19,5,25,mesoplastics,0,0,0,0,0,0,0,0,0
2018-07-18,Taiwan,Xialiao_Beach,25.21469,121.65406,A,20,5,25,mesoplastics,0,0,0,0,0,0,0,0,0
2018-07-18,Taiwan,Xialiao_Beach,25.21469,121.65406,A,21,5,25,mesoplastics,0,0,0,0,0,0,0,0,0
2018-07-18,Taiwan,Xialiao_Beach,25.21469,121.65406,A,22,5,25,mesoplastics,0,0,0,0,0,0,0,0,0
2018-07-18,Taiwan,Xialiao_Beach,25.21469,121.65406,B,1,5,25,mesoplastics,0,5,0,0,0,1,0,0,0
2018-07-18,Taiwan,Xialiao_Beach,25.21469,121.65406,B,2,5,25,mesoplastics,5,17,0,1,0,0,0,0,0
2018-07-18,Taiwan,Xialiao_Beach,25.21469,121.65406,B,3,5,25,mesoplastics,7,39,0,3,1,0,0,0,0
2018-07-18,Taiwan,Xialiao_Beach,25.21469,121.65406,B,4,5,25,mesoplastics,1,38,0,0,0,0,0,0,0
2018-07-18,Taiwan,Xialiao_Beach,25.21469,121.65406,B,5,5,25,mesoplastics,0,25,0,0,0,0,0,0,0
2018-07-18,Taiwan,Xialiao_Beach,25.21469,121.65406,B,6,5,25,mesoplastics,325,531,11,2,0,0,3,0,0
2018-07-18,Taiwan,Xialiao_Beach,25.21469,121.65406,B,7,5,25,mesoplastics,27,3,0,0,0,0,0,0,0
2018-07-18,Taiwan,Xialiao_Beach,25.21469,121.65406,B,8,5,25,mesoplastics,43,0,0,0,0,0,0,0,0
2018-07-18,Taiwan,Xialiao_Beach,25.21469,121.65406,B,9,5,25,mesoplastics,24,0,2,0,0,0,0,0,0
2018-07-18,Taiwan,Xialiao_Beach,25.21469,121.65406,B,10,5,25,mesoplastics,21,0,0,1,0,0,0,0,0
2018-07-18,Taiwan,Xialiao_Beach,25.21469,121.65406,B,11,5,25,mesoplastics,24,0,0,0,0,0,0,0,0
2018-07-18,Taiwan,Xialiao_Beach,25.21469,121.65406,B,12,5,25,mesoplastics,21,1,0,0,0,0,0,0,0
2018-07-18,Taiwan,Xialiao_Beach,25.21469,121.65406,B,13,5,25,mesoplastics,25,4,0,1,0,0,0,0,0
2018-07-18,Taiwan,Xialiao_Beach,25.21469,121.65406,B,14,5,25,mesoplastics,215,42,7,1,0,0,0,0,0
2018-07-18,Taiwan,Xialiao_Beach,25.21469,121.65406,B,15,5,25,mesoplastics,18,0,0,0,0,0,0,0,0
2018-07-18,Taiwan,Xialiao_Beach,25.21469,121.65406,B,16,5,25,mesoplastics,12,1,0,0,0,0,0,0,0
2018-07-18,Taiwan,Xialiao_Beach,25.21469,121.65406,B,17,5,25,mesoplastics,11,0,0,0,0,0,0,0,0
2018-07-18,Taiwan,Xialiao_Beach,25.21469,121.65406,B,18,5,25,mesoplastics,4,1,0,0,0,0,0,0,0
2018-07-18,Taiwan,Xialiao_Beach,25.21469,121.65406,B,19,5,25,mesoplastics,1,0,0,0,0,0,0,0,0
2018-07-18,Taiwan,Xialiao_Beach,25.21469,121.65406,B,20,5,25,mesoplastics,0,0,0,0,0,0,0,0,0
2018-07-18,Taiwan,Xialiao_Beach,25.21469,121.65406,B,21,5,25,mesoplastics,0,0,0,0,0,0,0,0,0
2018-07-18,Taiwan,Xialiao_Beach,25.21469,121.65406,B,22,5,25,mesoplastics,0,0,0,0,0,0,0,0,0
2018-07-18,Taiwan,Xialiao_Beach,25.21469,121.65406,C,1,5,25,mesoplastics,0,4,0,0,0,0,0,0,0
2018-07-18,Taiwan,Xialiao_Beach,25.21469,121.65406,C,2,5,25,mesoplastics,2,2,0,0,0,0,0,0,0
2018-07-18,Taiwan,Xialiao_Beach,25.21469,121.65406,C,3,5,25,mesoplastics,2,10,0,0,0,1,0,0,0
2018-07-18,Taiwan,Xialiao_Beach,25.21469,121.65406,C,4,5,25,mesoplastics,0,6,0,0,0,0,0,0,0
2018-07-18,Taiwan,Xialiao_Beach,25.21469,121.65406,C,5,5,25,mesoplastics,2,2,0,0,0,0,0,0,0
2018-07-18,Taiwan,Xialiao_Beach,25.21469,121.65406,C,6,5,25,mesoplastics,12,0,0,0,0,0,0,0,0
2018-07-18,Taiwan,Xialiao_Beach,25.21469,121.65406,C,7,5,25,mesoplastics,10,20,0,0,0,0,0,0,0
2018-07-18,Taiwan,Xialiao_Beach,25.21469,121.65406,C,8,5,25,mesoplastics,19,5,1,0,0,0,0,0,0
2018-07-18,Taiwan,Xialiao_Beach,25.21469,121.65406,C,9,5,25,mesoplastics,2,4,0,0,0,0,0,0,0
2018-07-18,Taiwan,Xialiao_Beach,25.21469,121.65406,C,10,5,25,mesoplastics,3,1,1,0,0,0,0,0,0
2018-07-18,Taiwan,Xialiao_Beach,25.21469,121.65406,C,11,5,25,mesoplastics,10,2,0,0,0,0,0,0,0
2018-07-18,Taiwan,Xialiao_Beach,25.21469,121.65406,C,12,5,25,mesoplastics,79,11,0,1,0,0,0,0,0
2018-07-18,Taiwan,Xialiao_Beach,25.21469,121.65406,C,13,5,25,mesoplastics,93,48,1,2,0,0,0,0,0
2018-07-18,Taiwan,Xialiao_Beach,25.21469,121.65406,C,14,5,25,mesoplastics,105,39,1,0,0,0,0,0,0
2018-07-18,Taiwan,Xialiao_Beach,25.21469,121.65406,C,15,5,25,mesoplastics,16,0,0,0,0,0,0,0,0
2018-07-18,Taiwan,Xialiao_Beach,25.21469,121.65406,C,16,5,25,mesoplastics,12,2,0,1,0,0,0,0,0
2018-07-18,Taiwan,Xialiao_Beach,25.21469,121.65406,C,17,5,25,mesoplastics,14,0,2,0,0,0,0,0,0
2018-07-18,Taiwan,Xialiao_Beach,25.21469,121.65406,C,18,5,25,mesoplastics,11,0,1,0,0,0,0,0,0
2018-07-18,Taiwan,Xialiao_Beach,25.21469,121.65406,C,19,5,25,mesoplastics,0,0,0,0,0,0,0,0,0
2018-07-18,Taiwan,Xialiao_Beach,25.21469,121.65406,C,20,5,25,mesoplastics,4,0,0,0,0,0,0,0,0
2018-07-18,Taiwan,Xialiao_Beach,25.21469,121.65406,C,21,5,25,mesoplastics,0,0,0,0,0,0,0,0,0
2018-07-18,Taiwan,Xialiao_Beach,25.21469,121.65406,C,22,5,25,mesoplastics,0,0,0,0,0,0,0,0,0
2019-01-29,Taiwan,Xialiao_Beach,25.21469,121.65406,A,5,1,5,microplastics,19,83,0,0,0,0,0,0,0
2019-01-29,Taiwan,Xialiao_Beach,25.21469,121.65406,A,6,1,5,microplastics,14,388,0,0,0,0,0,0,0
2019-01-29,Taiwan,Xialiao_Beach,25.21469,121.65406,A,7,1,5,microplastics,26,304,5,0,0,0,0,0,0
2019-01-29,Taiwan,Xialiao_Beach,25.21469,121.65406,A,8,1,5,microplastics,8,102,1,0,0,0,0,0,0
2019-01-29,Taiwan,Xialiao_Beach,25.21469,121.65406,A,9,1,5,microplastics,6,27,0,0,0,0,0,0,0
2019-01-29,Taiwan,Xialiao_Beach,25.21469,121.65406,A,10,1,5,microplastics,28,240,11,0,0,1,0,0,0
2019-01-29,Taiwan,Xialiao_Beach,25.21469,121.65406,A,11,1,5,microplastics,23,136,4,0,0,0,0,0,0
2019-01-29,Taiwan,Xialiao_Beach,25.21469,121.65406,A,12,1,5,microplastics,24,122,7,0,0,0,0,0,0
2019-01-29,Taiwan,Xialiao_Beach,25.21469,121.65406,A,13,1,5,microplastics,21,24,4,0,0,0,0,0,0
2019-01-29,Taiwan,Xialiao_Beach,25.21469,121.65406,A,14,1,5,microplastics,77,216,11,0,0,0,0,0,0
2019-01-29,Taiwan,Xialiao_Beach,25.21469,121.65406,A,15,1,5,microplastics,26,40,3,0,0,3,0,0,0
2019-01-29,Taiwan,Xialiao_Beach,25.21469,121.65406,A,16,1,5,microplastics,10,5,1,0,0,0,0,0,0
2019-01-29,Taiwan,Xialiao_Beach,25.21469,121.65406,A,17,1,5,microplastics,11,10,2,0,0,0,0,0,0
2019-01-29,Taiwan,Xialiao_Beach,25.21469,121.65406,A,18,1,5,microplastics,15,36,1,0,0,0,0,0,0
2019-01-29,Taiwan,Xialiao_Beach,25.21469,121.65406,A,19,1,5,microplastics,2,4,0,0,0,0,0,0,0
2019-01-29,Taiwan,Xialiao_Beach,25.21469,121.65406,A,20,1,5,microplastics,0,0,0,0,0,0,0,0,0
2019-01-29,Taiwan,Xialiao_Beach,25.21469,121.65406,A,21,1,5,microplastics,0,0,0,0,0,0,0,0,0
2019-01-29,Taiwan,Xialiao_Beach,25.21469,121.65406,A,22,1,5,microplastics,0,0,0,0,0,0,0,0,0
2019-01-29,Taiwan,Xialiao_Beach,25.21469,121.65406,A,23,1,5,microplastics,2,1,0,0,0,0,0,0,0
2019-01-29,Taiwan,Xialiao_Beach,25.21469,121.65406,A,24,1,5,microplastics,82,306,1,0,0,0,0,0,0
2019-01-29,Taiwan,Xialiao_Beach,25.21469,121.65406,B,5,1,5,microplastics,7,269,0,1,0,0,0,0,0
2019-01-29,Taiwan,Xialiao_Beach,25.21469,121.65406,B,6,1,5,microplastics,4,172,0,0,0,0,0,0,0
2019-01-29,Taiwan,Xialiao_Beach,25.21469,121.65406,B,7,1,5,microplastics,26,243,1,0,0,0,0,0,0
2019-01-29,Taiwan,Xialiao_Beach,25.21469,121.65406,B,8,1,5,microplastics,11,24,4,0,0,0,0,0,0
2019-01-29,Taiwan,Xialiao_Beach,25.21469,121.65406,B,9,1,5,microplastics,16,58,2,0,0,0,0,0,0
2019-01-29,Taiwan,Xialiao_Beach,25.21469,121.65406,B,10,1,5,microplastics,17,90,1,1,0,0,0,0,0
2019-01-29,Taiwan,Xialiao_Beach,25.21469,121.65406,B,11,1,5,microplastics,13,108,2,0,0,0,0,0,0
2019-01-29,Taiwan,Xialiao_Beach,25.21469,121.65406,B,12,1,5,microplastics,20,226,5,0,0,0,0,0,0
2019-01-29,Taiwan,Xialiao_Beach,25.21469,121.65406,B,13,1,5,microplastics,16,45,6,1,0,0,0,0,0
2019-01-29,Taiwan,Xialiao_Beach,25.21469,121.65406,B,14,1,5,microplastics,91,191,12,0,0,0,0,0,0
2019-01-29,Taiwan,Xialiao_Beach,25.21469,121.65406,B,15,1,5,microplastics,25,18,1,0,0,0,0,0,0
2019-01-29,Taiwan,Xialiao_Beach,25.21469,121.65406,B,16,1,5,microplastics,2,7,1,0,0,0,0,0,0
2019-01-29,Taiwan,Xialiao_Beach,25.21469,121.65406,B,17,1,5,microplastics,14,6,0,0,0,0,0,0,0
2019-01-29,Taiwan,Xialiao_Beach,25.21469,121.65406,B,18,1,5,microplastics,9,46,1,0,0,0,0,0,0
2019-01-29,Taiwan,Xialiao_Beach,25.21469,121.65406,B,19,1,5,microplastics,0,0,0,0,0,0,0,0,0
2019-01-29,Taiwan,Xialiao_Beach,25.21469,121.65406,B,20,1,5,microplastics,0,0,0,0,0,0,0,0,0
2019-01-29,Taiwan,Xialiao_Beach,25.21469,121.65406,B,21,1,5,microplastics,0,0,0,0,0,0,0,0,0
2019-01-29,Taiwan,Xialiao_Beach,25.21469,121.65406,B,22,1,5,microplastics,3,0,0,0,0,0,0,0,0
2019-01-29,Taiwan,Xialiao_Beach,25.21469,121.65406,B,23,1,5,microplastics,1,0,0,0,0,0,0,0,0
2019-01-29,Taiwan,Xialiao_Beach,25.21469,121.65406,B,24,1,5,microplastics,26,143,2,0,0,0,0,0,0
2019-01-29,Taiwan,Xialiao_Beach,25.21469,121.65406,C,5,1,5,microplastics,10,166,1,1,0,0,0,0,0
2019-01-29,Taiwan,Xialiao_Beach,25.21469,121.65406,C,6,1,5,microplastics,10,181,0,0,0,0,0,0,0
2019-01-29,Taiwan,Xialiao_Beach,25.21469,121.65406,C,7,1,5,microplastics,16,78,6,0,0,0,0,0,0
2019-01-29,Taiwan,Xialiao_Beach,25.21469,121.65406,C,8,1,5,microplastics,9,89,0,1,0,0,0,0,0
2019-01-29,Taiwan,Xialiao_Beach,25.21469,121.65406,C,9,1,5,microplastics,5,20,3,0,0,0,0,0,0
2019-01-29,Taiwan,Xialiao_Beach,25.21469,121.65406,C,10,1,5,microplastics,10,98,6,0,0,0,0,0,0
2019-01-29,Taiwan,Xialiao_Beach,25.21469,121.65406,C,11,1,5,microplastics,31,130,5,2,0,0,0,0,0
2019-01-29,Taiwan,Xialiao_Beach,25.21469,121.65406,C,12,1,5,microplastics,32,230,7,0,0,0,0,0,0
2019-01-29,Taiwan,Xialiao_Beach,25.21469,121.65406,C,13,1,5,microplastics,56,192,9,1,0,1,0,0,0
2019-01-29,Taiwan,Xialiao_Beach,25.21469,121.65406,C,14,1,5,microplastics,26,73,1,0,0,0,0,0,0
2019-01-29,Taiwan,Xialiao_Beach,25.21469,121.65406,C,15,1,5,microplastics,86,25,9,0,0,0,0,0,0
2019-01-29,Taiwan,Xialiao_Beach,25.21469,121.65406,C,16,1,5,microplastics,8,11,2,0,0,0,0,0,0
2019-01-29,Taiwan,Xialiao_Beach,25.21469,121.65406,C,17,1,5,microplastics,7,9,2,0,0,0,0,0,0
2019-01-29,Taiwan,Xialiao_Beach,25.21469,121.65406,C,18,1,5,microplastics,5,10,0,0,0,0,0,0,0
2019-01-29,Taiwan,Xialiao_Beach,25.21469,121.65406,C,19,1,5,microplastics,0,0,0,0,0,0,0,0,0
2019-01-29,Taiwan,Xialiao_Beach,25.21469,121.65406,C,20,1,5,microplastics,0,0,0,0,0,0,0,0,0
2019-01-29,Taiwan,Xialiao_Beach,25.21469,121.65406,C,21,1,5,microplastics,0,1,0,0,0,0,0,0,0
2019-01-29,Taiwan,Xialiao_Beach,25.21469,121.65406,C,22,1,5,microplastics,0,0,0,0,0,1,0,0,0
2019-01-29,Taiwan,Xialiao_Beach,25.21469,121.65406,C,23,1,5,microplastics,0,0,0,0,0,0,0,0,0
2019-01-29,Taiwan,Xialiao_Beach,25.21469,121.65406,C,24,1,5,microplastics,45,112,3,0,0,0,0,0,0
2019-01-29,Taiwan,Xialiao_Beach,25.21469,121.65406,A,5,5,25,mesoplastics,7,6,0,0,0,0,0,0,0
2019-01-29,Taiwan,Xialiao_Beach,25.21469,121.65406,A,6,5,25,mesoplastics,3,36,0,3,0,1,0,0,0
2019-01-29,Taiwan,Xialiao_Beach,25.21469,121.65406,A,7,5,25,mesoplastics,3,28,0,0,0,0,0,0,0
2019-01-29,Taiwan,Xialiao_Beach,25.21469,121.65406,A,8,5,25,mesoplastics,3,11,0,1,0,0,0,0,0
2019-01-29,Taiwan,Xialiao_Beach,25.21469,121.65406,A,9,5,25,mesoplastics,6,0,0,0,0,0,0,0,0
2019-01-29,Taiwan,Xialiao_Beach,25.21469,121.65406,A,10,5,25,mesoplastics,19,15,1,0,0,0,0,0,0
2019-01-29,Taiwan,Xialiao_Beach,25.21469,121.65406,A,11,5,25,mesoplastics,5,15,0,0,0,1,0,0,0
2019-01-29,Taiwan,Xialiao_Beach,25.21469,121.65406,A,12,5,25,mesoplastics,4,5,0,0,0,0,0,0,0
2019-01-29,Taiwan,Xialiao_Beach,25.21469,121.65406,A,13,5,25,mesoplastics,3,0,0,0,0,0,0,0,0
2019-01-29,Taiwan,Xialiao_Beach,25.21469,121.65406,A,14,5,25,mesoplastics,8,29,0,1,0,0,2,0,0
2019-01-29,Taiwan,Xialiao_Beach,25.21469,121.65406,A,15,5,25,mesoplastics,6,2,0,3,0,1,0,0,0
2019-01-29,Taiwan,Xialiao_Beach,25.21469,121.65406,A,16,5,25,mesoplastics,1,0,1,0,0,0,0,0,0
2019-01-29,Taiwan,Xialiao_Beach,25.21469,121.65406,A,17,5,25,mesoplastics,0,0,0,0,0,0,0,0,0
2019-01-29,Taiwan,Xialiao_Beach,25.21469,121.65406,A,18,5,25,mesoplastics,1,1,0,0,0,0,0,0,0
2019-01-29,Taiwan,Xialiao_Beach,25.21469,121.65406,A,19,5,25,mesoplastics,0,0,0,0,0,0,0,0,0
2019-01-29,Taiwan,Xialiao_Beach,25.21469,121.65406,A,20,5,25,mesoplastics,0,0,0,0,0,0,0,0,0
2019-01-29,Taiwan,Xialiao_Beach,25.21469,121.65406,A,21,5,25,mesoplastics,0,0,0,0,0,0,0,0,0
2019-01-29,Taiwan,Xialiao_Beach,25.21469,121.65406,A,22,5,25,mesoplastics,0,0,0,0,0,0,0,0,0
2019-01-29,Taiwan,Xialiao_Beach,25.21469,121.65406,A,23,5,25,mesoplastics,0,0,0,0,0,0,0,0,0
2019-01-29,Taiwan,Xialiao_Beach,25.21469,121.65406,A,24,5,25,mesoplastics,1,3,0,0,0,0,0,0,0
2019-01-29,Taiwan,Xialiao_Beach,25.21469,121.65406,B,5,5,25,mesoplastics,3,19,0,2,0,0,0,0,0
2019-01-29,Taiwan,Xialiao_Beach,25.21469,121.65406,B,6,5,25,mesoplastics,0,12,0,0,0,0,0,0,0
2019-01-29,Taiwan,Xialiao_Beach,25.21469,121.65406,B,7,5,25,mesoplastics,6,18,0,2,0,0,0,0,0
2019-01-29,Taiwan,Xialiao_Beach,25.21469,121.65406,B,8,5,25,mesoplastics,2,4,0,0,0,0,0,0,0
2019-01-29,Taiwan,Xialiao_Beach,25.21469,121.65406,B,9,5,25,mesoplastics,12,5,0,0,0,0,0,0,0
2019-01-29,Taiwan,Xialiao_Beach,25.21469,121.65406,B,10,5,25,mesoplastics,9,6,0,0,0,0,0,0,0
2019-01-29,Taiwan,Xialiao_Beach,25.21469,121.65406,B,11,5,25,mesoplastics,8,14,0,0,0,0,0,0,0
2019-01-29,Taiwan,Xialiao_Beach,25.21469,121.65406,B,12,5,25,mesoplastics,10,14,0,1,0,0,0,0,0
2019-01-29,Taiwan,Xialiao_Beach,25.21469,121.65406,B,13,5,25,mesoplastics,5,3,1,1,0,0,0,0,0
2019-01-29,Taiwan,Xialiao_Beach,25.21469,121.65406,B,14,5,25,mesoplastics,23,33,2,0,0,0,0,0,0
2019-01-29,Taiwan,Xialiao_Beach,25.21469,121.65406,B,15,5,25,mesoplastics,7,2,0,0,0,0,0,0,0
2019-01-29,Taiwan,Xialiao_Beach,25.21469,121.65406,B,16,5,25,mesoplastics,0,1,0,0,0,0,0,0,0
2019-01-29,Taiwan,Xialiao_Beach,25.21469,121.65406,B,17,5,25,mesoplastics,1,0,0,1,0,0,0,0,0
2019-01-29,Taiwan,Xialiao_Beach,25.21469,121.65406,B,18,5,25,mesoplastics,0,2,0,1,0,0,0,0,0
2019-01-29,Taiwan,Xialiao_Beach,25.21469,121.65406,B,19,5,25,mesoplastics,0,0,0,0,0,0,0,0,0
2019-01-29,Taiwan,Xialiao_Beach,25.21469,121.65406,B,20,5,25,mesoplastics,0,0,0,0,0,0,0,0,0
2019-01-29,Taiwan,Xialiao_Beach,25.21469,121.65406,B,21,5,25,mesoplastics,0,0,0,0,0,0,0,0,0
2019-01-29,Taiwan,Xialiao_Beach,25.21469,121.65406,B,22,5,25,mesoplastics,0,0,0,0,0,0,0,0,0
2019-01-29,Taiwan,Xialiao_Beach,25.21469,121.65406,B,23,5,25,mesoplastics,0,0,0,0,0,0,0,0,0
2019-01-29,Taiwan,Xialiao_Beach,25.21469,121.65406,B,24,5,25,mesoplastics,0,0,0,0,0,0,0,0,0
2019-01-29,Taiwan,Xialiao_Beach,25.21469,121.65406,C,5,5,25,mesoplastics,1,10,0,0,0,0,0,0,0
2019-01-29,Taiwan,Xialiao_Beach,25.21469,121.65406,C,6,5,25,mesoplastics,1,10,0,3,0,0,0,0,0
2019-01-29,Taiwan,Xialiao_Beach,25.21469,121.65406,C,7,5,25,mesoplastics,9,11,0,0,0,0,0,0,0
2019-01-29,Taiwan,Xialiao_Beach,25.21469,121.65406,C,8,5,25,mesoplastics,1,6,0,1,0,0,0,0,0
2019-01-29,Taiwan,Xialiao_Beach,25.21469,121.65406,C,9,5,25,mesoplastics,1,0,0,0,0,0,0,0,0
2019-01-29,Taiwan,Xialiao_Beach,25.21469,121.65406,C,10,5,25,mesoplastics,5,8,0,0,0,0,0,0,0
2019-01-29,Taiwan,Xialiao_Beach,25.21469,121.65406,C,11,5,25,mesoplastics,9,11,0,0,0,0,0,0,0
2019-01-29,Taiwan,Xialiao_Beach,25.21469,121.65406,C,12,5,25,mesoplastics,6,11,0,1,0,0,0,0,0
2019-01-29,Taiwan,Xialiao_Beach,25.21469,121.65406,C,13,5,25,mesoplastics,16,9,0,0,0,0,0,0,0
2019-01-29,Taiwan,Xialiao_Beach,25.21469,121.65406,C,14,5,25,mesoplastics,5,3,0,0,0,0,0,0,0
2019-01-29,Taiwan,Xialiao_Beach,25.21469,121.65406,C,15,5,25,mesoplastics,3,2,0,0,0,0,0,0,0
2019-01-29,Taiwan,Xialiao_Beach,25.21469,121.65406,C,16,5,25,mesoplastics,3,0,0,1,0,0,0,0,0
2019-01-29,Taiwan,Xialiao_Beach,25.21469,121.65406,C,17,5,25,mesoplastics,0,1,0,0,0,1,0,0,0
2019-01-29,Taiwan,Xialiao_Beach,25.21469,121.65406,C,18,5,25,mesoplastics,1,0,0,0,0,1,0,0,0
2019-01-29,Taiwan,Xialiao_Beach,25.21469,121.65406,C,19,5,25,mesoplastics,0,0,0,0,0,0,0,0,0
2019-01-29,Taiwan,Xialiao_Beach,25.21469,121.65406,C,20,5,25,mesoplastics,0,0,0,0,0,0,0,0,0
2019-01-29,Taiwan,Xialiao_Beach,25.21469,121.65406,C,21,5,25,mesoplastics,0,0,0,0,0,0,0,0,0
2019-01-29,Taiwan,Xialiao_Beach,25.21469,121.65406,C,22,5,25,mesoplastics,0,0,0,0,0,0,0,0,0
2019-01-29,Taiwan,Xialiao_Beach,25.21469,121.65406,C,23,5,25,mesoplastics,0,0,0,0,0,0,0,0,0
2019-01-29,Taiwan,Xialiao_Beach,25.21469,121.65406,C,24,5,25,mesoplastics,3,1,1,0,0,0,0,0,0
2019-05-24,Taiwan,Xialiao_Beach,25.21469,121.65406,A,5,1,5,microplastics,10,213,1,0,0,0,0,0,0
2019-05-24,Taiwan,Xialiao_Beach,25.21469,121.65406,A,6,1,5,microplastics,12,27,1,0,3,0,0,0,0
2019-05-24,Taiwan,Xialiao_Beach,25.21469,121.65406,A,7,1,5,microplastics,7,21,0,0,0,0,0,0,0
2019-05-24,Taiwan,Xialiao_Beach,25.21469,121.65406,A,8,1,5,microplastics,2,3,0,0,0,1,0,0,0
2019-05-24,Taiwan,Xialiao_Beach,25.21469,121.65406,A,9,1,5,microplastics,6,1,3,0,0,0,0,0,0
2019-05-24,Taiwan,Xialiao_Beach,25.21469,121.65406,A,10,1,5,microplastics,7,22,2,0,0,0,0,0,0
2019-05-24,Taiwan,Xialiao_Beach,25.21469,121.65406,A,11,1,5,microplastics,49,98,6,0,0,0,0,0,0
2019-05-24,Taiwan,Xialiao_Beach,25.21469,121.65406,A,12,1,5,microplastics,10,58,1,0,0,0,0,0,0
2019-05-24,Taiwan,Xialiao_Beach,25.21469,121.65406,A,13,1,5,microplastics,6,11,2,0,0,0,0,0,0
2019-05-24,Taiwan,Xialiao_Beach,25.21469,121.65406,A,14,1,5,microplastics,7,20,2,0,0,0,0,0,0
2019-05-24,Taiwan,Xialiao_Beach,25.21469,121.65406,A,15,1,5,microplastics,2,79,1,0,0,0,0,0,0
2019-05-24,Taiwan,Xialiao_Beach,25.21469,121.65406,A,16,1,5,microplastics,3,3,0,0,0,0,0,0,0
2019-05-24,Taiwan,Xialiao_Beach,25.21469,121.65406,A,17,1,5,microplastics,3,8,0,0,0,0,0,0,0
2019-05-24,Taiwan,Xialiao_Beach,25.21469,121.65406,A,18,1,5,microplastics,0,2,0,0,0,0,0,0,0
2019-05-24,Taiwan,Xialiao_Beach,25.21469,121.65406,A,19,1,5,microplastics,2,1,0,0,0,0,0,0,0
2019-05-24,Taiwan,Xialiao_Beach,25.21469,121.65406,A,20,1,5,microplastics,0,0,0,0,0,0,0,0,0
2019-05-24,Taiwan,Xialiao_Beach,25.21469,121.65406,A,21,1,5,microplastics,0,0,0,0,0,0,0,0,0
2019-05-24,Taiwan,Xialiao_Beach,25.21469,121.65406,A,22,1,5,microplastics,0,0,0,0,0,0,0,0,0
2019-05-24,Taiwan,Xialiao_Beach,25.21469,121.65406,A,23,1,5,microplastics,0,0,0,0,0,0,0,0,0
2019-05-24,Taiwan,Xialiao_Beach,25.21469,121.65406,A,24,1,5,microplastics,0,0,0,0,0,0,0,0,0
2019-05-24,Taiwan,Xialiao_Beach,25.21469,121.65406,B,5,1,5,microplastics,11,77,1,0,0,0,0,0,0
2019-05-24,Taiwan,Xialiao_Beach,25.21469,121.65406,B,6,1,5,microplastics,9,54,0,0,0,0,0,0,0
2019-05-24,Taiwan,Xialiao_Beach,25.21469,121.65406,B,7,1,5,microplastics,6,31,2,0,0,0,0,0,0
2019-05-24,Taiwan,Xialiao_Beach,25.21469,121.65406,B,8,1,5,microplastics,9,26,1,0,0,0,0,0,0
2019-05-24,Taiwan,Xialiao_Beach,25.21469,121.65406,B,9,1,5,microplastics,9,10,2,0,0,0,0,0,0
2019-05-24,Taiwan,Xialiao_Beach,25.21469,121.65406,B,10,1,5,microplastics,9,19,1,0,0,0,0,0,0
2019-05-24,Taiwan,Xialiao_Beach,25.21469,121.65406,B,11,1,5,microplastics,28,34,10,0,0,0,0,0,0
2019-05-24,Taiwan,Xialiao_Beach,25.21469,121.65406,B,12,1,5,microplastics,14,39,3,0,1,0,0,0,0
2019-05-24,Taiwan,Xialiao_Beach,25.21469,121.65406,B,13,1,5,microplastics,11,3,1,0,0,0,0,0,0
2019-05-24,Taiwan,Xialiao_Beach,25.21469,121.65406,B,14,1,5,microplastics,8,13,1,0,0,0,0,0,0
2019-05-24,Taiwan,Xialiao_Beach,25.21469,121.65406,B,15,1,5,microplastics,5,38,3,0,0,0,0,0,0
2019-05-24,Taiwan,Xialiao_Beach,25.21469,121.65406,B,16,1,5,microplastics,11,9,0,0,0,0,0,0,0
2019-05-24,Taiwan,Xialiao_Beach,25.21469,121.65406,B,17,1,5,microplastics,10,7,0,0,0,0,0,0,0
2019-05-24,Taiwan,Xialiao_Beach,25.21469,121.65406,B,18,1,5,microplastics,21,9,4,0,0,0,0,0,0
2019-05-24,Taiwan,Xialiao_Beach,25.21469,121.65406,B,19,1,5,microplastics,2,2,1,0,2,0,0,0,0
2019-05-24,Taiwan,Xialiao_Beach,25.21469,121.65406,B,20,1,5,microplastics,0,0,0,0,0,0,0,0,0
2019-05-24,Taiwan,Xialiao_Beach,25.21469,121.65406,B,21,1,5,microplastics,0,0,0,0,3,0,0,0,0
2019-05-24,Taiwan,Xialiao_Beach,25.21469,121.65406,B,22,1,5,microplastics,0,0,0,0,0,0,0,0,0
2019-05-24,Taiwan,Xialiao_Beach,25.21469,121.65406,B,23,1,5,microplastics,1,0,0,0,0,0,0,0,0
2019-05-24,Taiwan,Xialiao_Beach,25.21469,121.65406,B,24,1,5,microplastics,0,1,0,0,0,0,0,0,0
2019-05-24,Taiwan,Xialiao_Beach,25.21469,121.65406,C,5,1,5,microplastics,5,124,0,0,0,0,0,0,0
2019-05-24,Taiwan,Xialiao_Beach,25.21469,121.65406,C,6,1,5,microplastics,7,110,0,0,0,0,0,0,0
2019-05-24,Taiwan,Xialiao_Beach,25.21469,121.65406,C,7,1,5,microplastics,10,133,0,0,0,0,0,0,0
2019-05-24,Taiwan,Xialiao_Beach,25.21469,121.65406,C,8,1,5,microplastics,3,1,0,0,0,0,0,0,0
2019-05-24,Taiwan,Xialiao_Beach,25.21469,121.65406,C,9,1,5,microplastics,14,16,2,0,0,0,0,0,0
2019-05-24,Taiwan,Xialiao_Beach,25.21469,121.65406,C,10,1,5,microplastics,12,56,0,0,0,1,0,0,0
2019-05-24,Taiwan,Xialiao_Beach,25.21469,121.65406,C,11,1,5,microplastics,30,83,2,0,0,0,0,1,0
2019-05-24,Taiwan,Xialiao_Beach,25.21469,121.65406,C,12,1,5,microplastics,12,138,4,5,0,1,0,0,0
2019-05-24,Taiwan,Xialiao_Beach,25.21469,121.65406,C,13,1,5,microplastics,12,10,9,0,1,0,0,0,0
2019-05-24,Taiwan,Xialiao_Beach,25.21469,121.65406,C,14,1,5,microplastics,7,23,3,0,0,0,0,0,0
2019-05-24,Taiwan,Xialiao_Beach,25.21469,121.65406,C,15,1,5,microplastics,6,15,1,0,0,0,0,0,0
2019-05-24,Taiwan,Xialiao_Beach,25.21469,121.65406,C,16,1,5,microplastics,7,6,1,0,0,0,0,0,0
2019-05-24,Taiwan,Xialiao_Beach,25.21469,121.65406,C,17,1,5,microplastics,3,3,0,0,0,0,0,0,0
2019-05-24,Taiwan,Xialiao_Beach,25.21469,121.65406,C,18,1,5,microplastics,13,3,5,0,0,0,0,0,0
2019-05-24,Taiwan,Xialiao_Beach,25.21469,121.65406,C,19,1,5,microplastics,2,0,0,0,0,0,0,0,0
2019-05-24,Taiwan,Xialiao_Beach,25.21469,121.65406,C,20,1,5,microplastics,0,0,0,0,0,0,0,0,0
2019-05-24,Taiwan,Xialiao_Beach,25.21469,121.65406,C,21,1,5,microplastics,0,0,0,0,0,0,0,0,0
2019-05-24,Taiwan,Xialiao_Beach,25.21469,121.65406,C,22,1,5,microplastics,0,0,0,0,0,0,0,0,0
2019-05-24,Taiwan,Xialiao_Beach,25.21469,121.65406,C,23,1,5,microplastics,0,0,0,0,0,0,0,0,0
2019-05-24,Taiwan,Xialiao_Beach,25.21469,121.65406,C,24,1,5,microplastics,0,0,0,0,0,0,0,0,0
2019-05-24,Taiwan,Xialiao_Beach,25.21469,121.65406,A,5,5,25,mesoplastics,0,6,0,1,0,0,0,0,0
2019-05-24,Taiwan,Xialiao_Beach,25.21469,121.65406,A,6,5,25,mesoplastics,0,4,0,0,0,0,0,0,0
2019-05-24,Taiwan,Xialiao_Beach,25.21469,121.65406,A,7,5,25,mesoplastics,0,4,0,0,0,0,0,0,0
2019-05-24,Taiwan,Xialiao_Beach,25.21469,121.65406,A,8,5,25,mesoplastics,0,1,0,0,0,0,0,0,0
2019-05-24,Taiwan,Xialiao_Beach,25.21469,121.65406,A,9,5,25,mesoplastics,0,1,0,0,0,0,0,0,0
2019-05-24,Taiwan,Xialiao_Beach,25.21469,121.65406,A,10,5,25,mesoplastics,2,5,0,0,0,0,0,0,0
2019-05-24,Taiwan,Xialiao_Beach,25.21469,121.65406,A,11,5,25,mesoplastics,18,5,1,0,0,0,0,0,1
2019-05-24,Taiwan,Xialiao_Beach,25.21469,121.65406,A,12,5,25,mesoplastics,9,6,0,0,0,0,0,0,0
2019-05-24,Taiwan,Xialiao_Beach,25.21469,121.65406,A,13,5,25,mesoplastics,3,3,0,0,0,0,0,0,0
2019-05-24,Taiwan,Xialiao_Beach,25.21469,121.65406,A,14,5,25,mesoplastics,3,2,0,1,0,0,0,0,0
2019-05-24,Taiwan,Xialiao_Beach,25.21469,121.65406,A,15,5,25,mesoplastics,0,13,0,0,0,0,0,0,0
2019-05-24,Taiwan,Xialiao_Beach,25.21469,121.65406,A,16,5,25,mesoplastics,0,2,0,0,0,0,0,0,0
2019-05-24,Taiwan,Xialiao_Beach,25.21469,121.65406,A,17,5,25,mesoplastics,0,0,0,0,0,0,0,0,0
2019-05-24,Taiwan,Xialiao_Beach,25.21469,121.65406,A,18,5,25,mesoplastics,0,0,0,0,0,0,0,0,0
2019-05-24,Taiwan,Xialiao_Beach,25.21469,121.65406,A,19,5,25,mesoplastics,0,0,0,0,0,0,0,0,0
2019-05-24,Taiwan,Xialiao_Beach,25.21469,121.65406,A,20,5,25,mesoplastics,0,0,0,0,0,0,0,0,0
2019-05-24,Taiwan,Xialiao_Beach,25.21469,121.65406,A,21,5,25,mesoplastics,0,0,0,0,0,0,0,0,0
2019-05-24,Taiwan,Xialiao_Beach,25.21469,121.65406,A,22,5,25,mesoplastics,0,0,0,0,0,0,0,0,0
2019-05-24,Taiwan,Xialiao_Beach,25.21469,121.65406,A,23,5,25,mesoplastics,0,0,0,0,0,0,0,0,0
2019-05-24,Taiwan,Xialiao_Beach,25.21469,121.65406,A,24,5,25,mesoplastics,0,0,0,0,0,0,0,0,0
2019-05-24,Taiwan,Xialiao_Beach,25.21469,121.65406,B,5,5,25,mesoplastics,0,7,0,0,0,0,0,0,0
2019-05-24,Taiwan,Xialiao_Beach,25.21469,121.65406,B,6,5,25,mesoplastics,2,1,0,0,0,0,0,0,0
2019-05-24,Taiwan,Xialiao_Beach,25.21469,121.65406,B,7,5,25,mesoplastics,2,2,0,0,0,0,0,0,0
2019-05-24,Taiwan,Xialiao_Beach,25.21469,121.65406,B,8,5,25,mesoplastics,4,2,0,0,0,0,0,0,0
2019-05-24,Taiwan,Xialiao_Beach,25.21469,121.65406,B,9,5,25,mesoplastics,1,2,0,0,0,0,0,0,0
2019-05-24,Taiwan,Xialiao_Beach,25.21469,121.65406,B,10,5,25,mesoplastics,3,3,0,1,0,0,0,0,0
2019-05-24,Taiwan,Xialiao_Beach,25.21469,121.65406,B,11,5,25,mesoplastics,9,8,0,0,0,0,0,0,1
2019-05-24,Taiwan,Xialiao_Beach,25.21469,121.65406,B,12,5,25,mesoplastics,5,7,0,0,0,0,0,0,0
2019-05-24,Taiwan,Xialiao_Beach,25.21469,121.65406,B,13,5,25,mesoplastics,4,1,0,0,0,0,0,0,0
2019-05-24,Taiwan,Xialiao_Beach,25.21469,121.65406,B,14,5,25,mesoplastics,2,1,1,0,0,0,0,0,0
2019-05-24,Taiwan,Xialiao_Beach,25.21469,121.65406,B,15,5,25,mesoplastics,0,9,0,0,0,0,0,0,0
2019-05-24,Taiwan,Xialiao_Beach,25.21469,121.65406,B,16,5,25,mesoplastics,1,0,0,0,0,0,0,0,0
2019-05-24,Taiwan,Xialiao_Beach,25.21469,121.65406,B,17,5,25,mesoplastics,0,1,0,0,0,0,0,0,0
2019-05-24,Taiwan,Xialiao_Beach,25.21469,121.65406,B,18,5,25,mesoplastics,1,0,0,1,0,0,0,0,0
2019-05-24,Taiwan,Xialiao_Beach,25.21469,121.65406,B,19,5,25,mesoplastics,0,0,0,0,0,0,0,0,0
2019-05-24,Taiwan,Xialiao_Beach,25.21469,121.65406,B,20,5,25,mesoplastics,0,0,0,0,0,0,0,0,0
2019-05-24,Taiwan,Xialiao_Beach,25.21469,121.65406,B,21,5,25,mesoplastics,0,0,0,0,0,0,0,0,0
2019-05-24,Taiwan,Xialiao_Beach,25.21469,121.65406,B,22,5,25,mesoplastics,0,0,0,0,0,0,0,0,0
2019-05-24,Taiwan,Xialiao_Beach,25.21469,121.65406,B,23,5,25,mesoplastics,0,0,0,0,0,0,0,0,0
2019-05-24,Taiwan,Xialiao_Beach,25.21469,121.65406,B,24,5,25,mesoplastics,0,0,0,0,0,0,0,0,0
2019-05-24,Taiwan,Xialiao_Beach,25.21469,121.65406,C,5,5,25,mesoplastics,2,23,0,0,0,0,0,0,0
2019-05-24,Taiwan,Xialiao_Beach,25.21469,121.65406,C,6,5,25,mesoplastics,4,8,0,0,0,0,0,0,0
2019-05-24,Taiwan,Xialiao_Beach,25.21469,121.65406,C,7,5,25,mesoplastics,1,12,0,0,0,0,0,0,0
2019-05-24,Taiwan,Xialiao_Beach,25.21469,121.65406,C,8,5,25,mesoplastics,3,1,0,0,0,0,0,0,0
2019-05-24,Taiwan,Xialiao_Beach,25.21469,121.65406,C,9,5,25,mesoplastics,5,1,0,0,0,0,0,0,0
2019-05-24,Taiwan,Xialiao_Beach,25.21469,121.65406,C,10,5,25,mesoplastics,2,4,0,0,0,0,0,0,0
2019-05-24,Taiwan,Xialiao_Beach,25.21469,121.65406,C,11,5,25,mesoplastics,10,10,0,0,0,0,0,0,0
2019-05-24,Taiwan,Xialiao_Beach,25.21469,121.65406,C,12,5,25,mesoplastics,5,17,0,2,0,0,0,0,0
2019-05-24,Taiwan,Xialiao_Beach,25.21469,121.65406,C,13,5,25,mesoplastics,6,1,0,0,0,0,0,0,0
2019-05-24,Taiwan,Xialiao_Beach,25.21469,121.65406,C,14,5,25,mesoplastics,8,8,0,0,0,0,0,0,0
2019-05-24,Taiwan,Xialiao_Beach,25.21469,121.65406,C,15,5,25,mesoplastics,1,2,0,0,0,0,0,0,0
2019-05-24,Taiwan,Xialiao_Beach,25.21469,121.65406,C,16,5,25,mesoplastics,2,1,0,0,0,0,0,0,0
2019-05-24,Taiwan,Xialiao_Beach,25.21469,121.65406,C,17,5,25,mesoplastics,1,0,0,0,0,0,0,0,0
2019-05-24,Taiwan,Xialiao_Beach,25.21469,121.65406,C,18,5,25,mesoplastics,0,0,0,0,0,0,0,0,0
2019-05-24,Taiwan,Xialiao_Beach,25.21469,121.65406,C,19,5,25,mesoplastics,0,0,0,0,0,0,0,0,0
2019-05-24,Taiwan,Xialiao_Beach,25.21469,121.65406,C,20,5,25,mesoplastics,0,0,0,0,0,0,0,0,0
2019-05-24,Taiwan,Xialiao_Beach,25.21469,121.65406,C,21,5,25,mesoplastics,0,0,0,0,0,0,0,0,0
2019-05-24,Taiwan,Xialiao_Beach,25.21469,121.65406,C,22,5,25,mesoplastics,0,0,0,0,0,0,0,0,0
2019-05-24,Taiwan,Xialiao_Beach,25.21469,121.65406,C,23,5,25,mesoplastics,0,0,0,0,0,0,0,0,0
2019-05-24,Taiwan,Xialiao_Beach,25.21469,121.65406,C,24,5,25,mesoplastics,0,0,0,0,0,0,0,0,0
2019-08-12,Taiwan,Xialiao_Beach,25.21469,121.65406,A,5,1,5,microplastics,59,281,2,0,0,0,0,0,0
2019-08-12,Taiwan,Xialiao_Beach,25.21469,121.65406,A,6,1,5,microplastics,36,1208,12,0,0,0,0,0,0
2019-08-12,Taiwan,Xialiao_Beach,25.21469,121.65406,A,7,1,5,microplastics,13,39,0,0,0,0,0,0,0
2019-08-12,Taiwan,Xialiao_Beach,25.21469,121.65406,A,8,1,5,microplastics,1,11,4,0,0,0,0,0,0
2019-08-12,Taiwan,Xialiao_Beach,25.21469,121.65406,A,9,1,5,microplastics,4,18,1,0,0,0,0,0,0
2019-08-12,Taiwan,Xialiao_Beach,25.21469,121.65406,A,10,1,5,microplastics,0,1,0,0,0,0,0,0,0
2019-08-12,Taiwan,Xialiao_Beach,25.21469,121.65406,A,11,1,5,microplastics,0,2,1,0,0,0,0,0,0
2019-08-12,Taiwan,Xialiao_Beach,25.21469,121.65406,A,12,1,5,microplastics,0,7,0,0,0,0,0,0,0
2019-08-12,Taiwan,Xialiao_Beach,25.21469,121.65406,A,13,1,5,microplastics,18,616,10,0,0,0,0,0,0
2019-08-12,Taiwan,Xialiao_Beach,25.21469,121.65406,A,14,1,5,microplastics,8,95,2,0,0,0,0,0,0
2019-08-12,Taiwan,Xialiao_Beach,25.21469,121.65406,A,15,1,5,microplastics,0,10,0,0,0,0,0,0,0
2019-08-12,Taiwan,Xialiao_Beach,25.21469,121.65406,A,16,1,5,microplastics,2,19,0,0,0,0,0,0,0
2019-08-12,Taiwan,Xialiao_Beach,25.21469,121.65406,A,17,1,5,microplastics,3,56,0,0,0,0,0,0,0
2019-08-12,Taiwan,Xialiao_Beach,25.21469,121.65406,A,18,1,5,microplastics,6,17,0,0,0,0,0,0,0
2019-08-12,Taiwan,Xialiao_Beach,25.21469,121.65406,A,19,1,5,microplastics,5,3,0,0,0,0,0,0,0
2019-08-12,Taiwan,Xialiao_Beach,25.21469,121.65406,A,20,1,5,microplastics,1,0,0,0,0,0,0,0,0
2019-08-12,Taiwan,Xialiao_Beach,25.21469,121.65406,A,21,1,5,microplastics,0,0,0,0,0,0,0,0,0
2019-08-12,Taiwan,Xialiao_Beach,25.21469,121.65406,A,22,1,5,microplastics,0,0,0,0,0,0,0,0,0
2019-08-12,Taiwan,Xialiao_Beach,25.21469,121.65406,A,23,1,5,microplastics,0,1,0,0,0,0,0,0,0
2019-08-12,Taiwan,Xialiao_Beach,25.21469,121.65406,A,24,1,5,microplastics,0,0,0,0,0,0,0,0,0
2019-08-12,Taiwan,Xialiao_Beach,25.21469,121.65406,B,5,1,5,microplastics,0,70,1,0,0,0,0,0,0
2019-08-12,Taiwan,Xialiao_Beach,25.21469,121.65406,B,6,1,5,microplastics,16,594,1,0,0,0,0,0,0
2019-08-12,Taiwan,Xialiao_Beach,25.21469,121.65406,B,7,1,5,microplastics,3,17,0,0,0,0,0,0,0
2019-08-12,Taiwan,Xialiao_Beach,25.21469,121.65406,B,8,1,5,microplastics,0,37,1,0,0,0,0,0,0
2019-08-12,Taiwan,Xialiao_Beach,25.21469,121.65406,B,9,1,5,microplastics,4,315,8,0,0,0,0,0,0
2019-08-12,Taiwan,Xialiao_Beach,25.21469,121.65406,B,10,1,5,microplastics,5,365,4,0,0,0,0,0,0
2019-08-12,Taiwan,Xialiao_Beach,25.21469,121.65406,B,11,1,5,microplastics,5,75,2,0,0,0,0,0,0
2019-08-12,Taiwan,Xialiao_Beach,25.21469,121.65406,B,12,1,5,microplastics,8,102,7,0,0,0,0,0,0
2019-08-12,Taiwan,Xialiao_Beach,25.21469,121.65406,B,13,1,5,microplastics,0,35,1,0,0,0,0,0,0
2019-08-12,Taiwan,Xialiao_Beach,25.21469,121.65406,B,14,1,5,microplastics,0,2,1,0,1,0,0,0,0
2019-08-12,Taiwan,Xialiao_Beach,25.21469,121.65406,B,15,1,5,microplastics,0,19,2,0,0,0,0,0,0
2019-08-12,Taiwan,Xialiao_Beach,25.21469,121.65406,B,16,1,5,microplastics,1,118,6,0,0,0,0,0,0
2019-08-12,Taiwan,Xialiao_Beach,25.21469,121.65406,B,17,1,5,microplastics,1,21,0,0,0,0,0,0,0
2019-08-12,Taiwan,Xialiao_Beach,25.21469,121.65406,B,18,1,5,microplastics,5,29,0,0,0,0,0,0,0
2019-08-12,Taiwan,Xialiao_Beach,25.21469,121.65406,B,19,1,5,microplastics,0,3,1,0,0,0,0,0,0
2019-08-12,Taiwan,Xialiao_Beach,25.21469,121.65406,B,20,1,5,microplastics,0,0,0,0,0,0,0,0,0
2019-08-12,Taiwan,Xialiao_Beach,25.21469,121.65406,B,21,1,5,microplastics,0,0,0,0,0,0,0,0,0
2019-08-12,Taiwan,Xialiao_Beach,25.21469,121.65406,B,22,1,5,microplastics,0,0,0,0,0,0,0,0,0
2019-08-12,Taiwan,Xialiao_Beach,25.21469,121.65406,B,23,1,5,microplastics,5,1,0,0,0,0,0,0,0
2019-08-12,Taiwan,Xialiao_Beach,25.21469,121.65406,B,24,1,5,microplastics,0,1,0,0,0,0,0,0,0
2019-08-12,Taiwan,Xialiao_Beach,25.21469,121.65406,C,5,1,5,microplastics,22,944,11,0,0,0,0,0,0
2019-08-12,Taiwan,Xialiao_Beach,25.21469,121.65406,C,6,1,5,microplastics,17,786,2,0,0,0,0,0,0
2019-08-12,Taiwan,Xialiao_Beach,25.21469,121.65406,C,7,1,5,microplastics,5,89,0,0,0,0,0,0,0
2019-08-12,Taiwan,Xialiao_Beach,25.21469,121.65406,C,8,1,5,microplastics,0,18,2,0,0,0,0,0,0
2019-08-12,Taiwan,Xialiao_Beach,25.21469,121.65406,C,9,1,5,microplastics,5,32,6,0,0,0,0,0,0
2019-08-12,Taiwan,Xialiao_Beach,25.21469,121.65406,C,10,1,5,microplastics,10,139,12,0,0,0,0,0,0
2019-08-12,Taiwan,Xialiao_Beach,25.21469,121.65406,C,11,1,5,microplastics,1,14,1,0,0,0,0,0,0
2019-08-12,Taiwan,Xialiao_Beach,25.21469,121.65406,C,12,1,5,microplastics,43,141,4,0,0,0,0,0,0
2019-08-12,Taiwan,Xialiao_Beach,25.21469,121.65406,C,13,1,5,microplastics,6,109,5,0,0,0,0,0,0
2019-08-12,Taiwan,Xialiao_Beach,25.21469,121.65406,C,14,1,5,microplastics,1,10,1,0,0,0,0,0,0
2019-08-12,Taiwan,Xialiao_Beach,25.21469,121.65406,C,15,1,5,microplastics,2,14,0,0,0,0,0,0,0
2019-08-12,Taiwan,Xialiao_Beach,25.21469,121.65406,C,16,1,5,microplastics,7,529,13,0,0,0,0,0,0
2019-08-12,Taiwan,Xialiao_Beach,25.21469,121.65406,C,17,1,5,microplastics,0,79,2,0,0,0,0,0,0
2019-08-12,Taiwan,Xialiao_Beach,25.21469,121.65406,C,18,1,5,microplastics,2,8,0,0,0,0,0,0,0
2019-08-12,Taiwan,Xialiao_Beach,25.21469,121.65406,C,19,1,5,microplastics,0,3,0,0,0,0,0,0,0
2019-08-12,Taiwan,Xialiao_Beach,25.21469,121.65406,C,20,1,5,microplastics,0,1,0,0,0,0,0,0,0
2019-08-12,Taiwan,Xialiao_Beach,25.21469,121.65406,C,21,1,5,microplastics,0,0,0,0,0,0,0,0,0
2019-08-12,Taiwan,Xialiao_Beach,25.21469,121.65406,C,22,1,5,microplastics,0,0,0,0,0,0,0,0,0
2019-08-12,Taiwan,Xialiao_Beach,25.21469,121.65406,C,23,1,5,microplastics,2,0,0,0,0,0,0,0,0
2019-08-12,Taiwan,Xialiao_Beach,25.21469,121.65406,C,24,1,5,microplastics,0,0,0,0,0,0,0,0,0
2019-08-12,Taiwan,Xialiao_Beach,25.21469,121.65406,A,5,5,25,mesoplastics,3,31,0,0,0,0,0,0,0
2019-08-12,Taiwan,Xialiao_Beach,25.21469,121.65406,A,6,5,25,mesoplastics,14,297,0,0,0,0,0,0,0
2019-08-12,Taiwan,Xialiao_Beach,25.21469,121.65406,A,7,5,25,mesoplastics,1,3,0,0,0,0,0,0,0
2019-08-12,Taiwan,Xialiao_Beach,25.21469,121.65406,A,8,5,25,mesoplastics,2,1,0,0,0,0,0,0,0
2019-08-12,Taiwan,Xialiao_Beach,25.21469,121.65406,A,9,5,25,mesoplastics,1,10,0,0,0,0,0,0,0
2019-08-12,Taiwan,Xialiao_Beach,25.21469,121.65406,A,10,5,25,mesoplastics,1,0,0,0,0,0,0,0,0
2019-08-12,Taiwan,Xialiao_Beach,25.21469,121.65406,A,11,5,25,mesoplastics,0,0,0,0,0,0,0,0,0
2019-08-12,Taiwan,Xialiao_Beach,25.21469,121.65406,A,12,5,25,mesoplastics,1,0,0,0,0,0,0,0,0
2019-08-12,Taiwan,Xialiao_Beach,25.21469,121.65406,A,13,5,25,mesoplastics,15,102,0,0,0,0,0,0,0
2019-08-12,Taiwan,Xialiao_Beach,25.21469,121.65406,A,14,5,25,mesoplastics,3,13,0,0,0,0,0,0,0
2019-08-12,Taiwan,Xialiao_Beach,25.21469,121.65406,A,15,5,25,mesoplastics,1,4,0,0,0,0,0,0,0
2019-08-12,Taiwan,Xialiao_Beach,25.21469,121.65406,A,16,5,25,mesoplastics,0,1,0,0,0,0,0,0,0
2019-08-12,Taiwan,Xialiao_Beach,25.21469,121.65406,A,17,5,25,mesoplastics,0,5,0,0,0,0,0,0,0
2019-08-12,Taiwan,Xialiao_Beach,25.21469,121.65406,A,18,5,25,mesoplastics,0,0,0,0,0,0,0,0,0
2019-08-12,Taiwan,Xialiao_Beach,25.21469,121.65406,A,19,5,25,mesoplastics,0,1,0,0,0,0,0,0,0
2019-08-12,Taiwan,Xialiao_Beach,25.21469,121.65406,A,20,5,25,mesoplastics,0,0,0,0,0,0,0,0,0
2019-08-12,Taiwan,Xialiao_Beach,25.21469,121.65406,A,21,5,25,mesoplastics,0,0,0,0,0,0,0,0,0
2019-08-12,Taiwan,Xialiao_Beach,25.21469,121.65406,A,22,5,25,mesoplastics,0,0,0,0,0,0,0,0,0
2019-08-12,Taiwan,Xialiao_Beach,25.21469,121.65406,A,23,5,25,mesoplastics,0,0,0,0,0,0,0,0,0
2019-08-12,Taiwan,Xialiao_Beach,25.21469,121.65406,A,24,5,25,mesoplastics,0,0,0,0,0,0,0,0,0
2019-08-12,Taiwan,Xialiao_Beach,25.21469,121.65406,B,5,5,25,mesoplastics,0,8,0,0,0,0,0,0,0
2019-08-12,Taiwan,Xialiao_Beach,25.21469,121.65406,B,6,5,25,mesoplastics,8,97,0,1,0,0,0,0,0
2019-08-12,Taiwan,Xialiao_Beach,25.21469,121.65406,B,7,5,25,mesoplastics,2,0,0,0,0,0,0,0,0
2019-08-12,Taiwan,Xialiao_Beach,25.21469,121.65406,B,8,5,25,mesoplastics,1,6,0,0,0,0,0,0,0
2019-08-12,Taiwan,Xialiao_Beach,25.21469,121.65406,B,9,5,25,mesoplastics,4,44,0,0,0,0,0,0,0
2019-08-12,Taiwan,Xialiao_Beach,25.21469,121.65406,B,10,5,25,mesoplastics,5,55,0,0,0,0,0,0,0
2019-08-12,Taiwan,Xialiao_Beach,25.21469,121.65406,B,11,5,25,mesoplastics,2,5,0,0,0,0,0,0,0
2019-08-12,Taiwan,Xialiao_Beach,25.21469,121.65406,B,12,5,25,mesoplastics,3,8,1,0,0,0,0,0,0
2019-08-12,Taiwan,Xialiao_Beach,25.21469,121.65406,B,13,5,25,mesoplastics,0,6,0,0,0,0,0,0,0
2019-08-12,Taiwan,Xialiao_Beach,25.21469,121.65406,B,14,5,25,mesoplastics,0,0,0,0,0,0,0,0,0
2019-08-12,Taiwan,Xialiao_Beach,25.21469,121.65406,B,15,5,25,mesoplastics,1,5,0,0,0,0,0,0,0
2019-08-12,Taiwan,Xialiao_Beach,25.21469,121.65406,B,16,5,25,mesoplastics,1,24,0,0,0,0,0,0,0
2019-08-12,Taiwan,Xialiao_Beach,25.21469,121.65406,B,17,5,25,mesoplastics,1,2,0,0,0,0,0,0,0
2019-08-12,Taiwan,Xialiao_Beach,25.21469,121.65406,B,18,5,25,mesoplastics,0,9,0,0,0,0,0,0,0
2019-08-12,Taiwan,Xialiao_Beach,25.21469,121.65406,B,19,5,25,mesoplastics,1,0,0,0,0,0,0,0,0
2019-08-12,Taiwan,Xialiao_Beach,25.21469,121.65406,B,20,5,25,mesoplastics,0,0,0,0,0,0,0,0,0
2019-08-12,Taiwan,Xialiao_Beach,25.21469,121.65406,B,21,5,25,mesoplastics,0,0,0,0,0,0,0,0,0
2019-08-12,Taiwan,Xialiao_Beach,25.21469,121.65406,B,22,5,25,mesoplastics,0,0,0,0,0,0,0,0,0
2019-08-12,Taiwan,Xialiao_Beach,25.21469,121.65406,B,23,5,25,mesoplastics,0,0,0,0,0,0,0,0,0
2019-08-12,Taiwan,Xialiao_Beach,25.21469,121.65406,B,24,5,25,mesoplastics,0,0,0,0,0,0,0,0,0
2019-08-12,Taiwan,Xialiao_Beach,25.21469,121.65406,C,5,5,25,mesoplastics,18,232,0,1,0,0,0,0,0
2019-08-12,Taiwan,Xialiao_Beach,25.21469,121.65406,C,6,5,25,mesoplastics,5,157,0,1,0,1,0,0,0
2019-08-12,Taiwan,Xialiao_Beach,25.21469,121.65406,C,7,5,25,mesoplastics,1,26,0,0,0,0,0,0,0
2019-08-12,Taiwan,Xialiao_Beach,25.21469,121.65406,C,8,5,25,mesoplastics,2,0,0,0,0,0,0,0,0
2019-08-12,Taiwan,Xialiao_Beach,25.21469,121.65406,C,9,5,25,mesoplastics,0,0,0,0,0,0,0,0,0
2019-08-12,Taiwan,Xialiao_Beach,25.21469,121.65406,C,10,5,25,mesoplastics,3,13,0,0,0,0,0,0,0
2019-08-12,Taiwan,Xialiao_Beach,25.21469,121.65406,C,11,5,25,mesoplastics,0,3,0,0,0,0,0,0,0
2019-08-12,Taiwan,Xialiao_Beach,25.21469,121.65406,C,12,5,25,mesoplastics,5,9,0,0,0,0,0,0,0
2019-08-12,Taiwan,Xialiao_Beach,25.21469,121.65406,C,13,5,25,mesoplastics,6,10,0,0,0,0,0,0,0
2019-08-12,Taiwan,Xialiao_Beach,25.21469,121.65406,C,14,5,25,mesoplastics,2,3,0,0,0,0,0,0,0
2019-08-12,Taiwan,Xialiao_Beach,25.21469,121.65406,C,15,5,25,mesoplastics,0,2,0,0,0,0,0,0,0
2019-08-12,Taiwan,Xialiao_Beach,25.21469,121.65406,C,16,5,25,mesoplastics,5,98,0,0,0,0,0,0,0
2019-08-12,Taiwan,Xialiao_Beach,25.21469,121.65406,C,17,5,25,mesoplastics,1,10,0,0,0,0,0,0,0
2019-08-12,Taiwan,Xialiao_Beach,25.21469,121.65406,C,18,5,25,mesoplastics,2,4,0,0,0,0,0,0,0
2019-08-12,Taiwan,Xialiao_Beach,25.21469,121.65406,C,19,5,25,mesoplastics,0,0,0,0,0,0,0,0,0
2019-08-12,Taiwan,Xialiao_Beach,25.21469,121.65406,C,20,5,25,mesoplastics,0,0,0,0,0,0,0,0,0
2019-08-12,Taiwan,Xialiao_Beach,25.21469,121.65406,C,21,5,25,mesoplastics,0,0,0,0,0,0,0,0,0
2019-08-12,Taiwan,Xialiao_Beach,25.21469,121.65406,C,22,5,25,mesoplastics,0,0,0,0,0,0,0,0,0
2019-08-12,Taiwan,Xialiao_Beach,25.21469,121.65406,C,23,5,25,mesoplastics,1,0,0,0,0,0,0,0,0
2019-08-12,Taiwan,Xialiao_Beach,25.21469,121.65406,C,24,5,25,mesoplastics,0,0,0,0,0,0,0,0,0
2019-10-03,Taiwan,Xialiao_Beach,25.21469,121.65406,A,5,1,5,microplastics,3,233,1,0,0,0,0,0,0
2019-10-03,Taiwan,Xialiao_Beach,25.21469,121.65406,A,6,1,5,microplastics,4,1622,5,0,0,0,0,0,0
2019-10-03,Taiwan,Xialiao_Beach,25.21469,121.65406,A,7,1,5,microplastics,1,48,0,0,0,0,0,0,0
2019-10-03,Taiwan,Xialiao_Beach,25.21469,121.65406,A,8,1,5,microplastics,0,3,0,0,0,0,0,0,0
2019-10-03,Taiwan,Xialiao_Beach,25.21469,121.65406,A,9,1,5,microplastics,1,14,0,0,0,0,0,0,0
2019-10-03,Taiwan,Xialiao_Beach,25.21469,121.65406,A,10,1,5,microplastics,4,13,1,0,0,0,0,0,0
2019-10-03,Taiwan,Xialiao_Beach,25.21469,121.65406,A,11,1,5,microplastics,16,721,14,0,0,0,0,0,0
2019-10-03,Taiwan,Xialiao_Beach,25.21469,121.65406,A,12,1,5,microplastics,5,117,2,0,0,0,0,0,0
2019-10-03,Taiwan,Xialiao_Beach,25.21469,121.65406,A,13,1,5,microplastics,15,242,5,0,0,0,0,0,0
2019-10-03,Taiwan,Xialiao_Beach,25.21469,121.65406,A,14,1,5,microplastics,5,130,1,0,0,0,0,0,0
2019-10-03,Taiwan,Xialiao_Beach,25.21469,121.65406,A,15,1,5,microplastics,27,1123,37,0,0,0,0,0,0
2019-10-03,Taiwan,Xialiao_Beach,25.21469,121.65406,A,16,1,5,microplastics,11,1209,33,0,0,0,0,0,0
2019-10-03,Taiwan,Xialiao_Beach,25.21469,121.65406,A,17,1,5,microplastics,3,21,2,0,0,0,0,0,0
2019-10-03,Taiwan,Xialiao_Beach,25.21469,121.65406,A,18,1,5,microplastics,7,201,2,0,0,0,0,0,0
2019-10-03,Taiwan,Xialiao_Beach,25.21469,121.65406,A,19,1,5,microplastics,0,9,0,0,0,0,0,0,0
2019-10-03,Taiwan,Xialiao_Beach,25.21469,121.65406,A,20,1,5,microplastics,0,8,0,0,0,0,0,0,0
2019-10-03,Taiwan,Xialiao_Beach,25.21469,121.65406,A,21,1,5,microplastics,7,10,0,0,0,0,0,0,0
2019-10-03,Taiwan,Xialiao_Beach,25.21469,121.65406,A,22,1,5,microplastics,0,3,0,0,0,0,0,0,0
2019-10-03,Taiwan,Xialiao_Beach,25.21469,121.65406,B,5,1,5,microplastics,5,321,4,0,0,0,0,0,0
2019-10-03,Taiwan,Xialiao_Beach,25.21469,121.65406,B,6,1,5,microplastics,1,26,0,0,0,0,0,0,0
2019-10-03,Taiwan,Xialiao_Beach,25.21469,121.65406,B,7,1,5,microplastics,0,9,0,0,0,0,0,0,0
2019-10-03,Taiwan,Xialiao_Beach,25.21469,121.65406,B,8,1,5,microplastics,0,7,0,0,0,0,0,0,0
2019-10-03,Taiwan,Xialiao_Beach,25.21469,121.65406,B,9,1,5,microplastics,4,247,4,0,0,0,0,0,0
2019-10-03,Taiwan,Xialiao_Beach,25.21469,121.65406,B,10,1,5,microplastics,2,218,0,0,0,0,0,0,0
2019-10-03,Taiwan,Xialiao_Beach,25.21469,121.65406,B,11,1,5,microplastics,16,276,7,0,0,0,0,0,0
2019-10-03,Taiwan,Xialiao_Beach,25.21469,121.65406,B,12,1,5,microplastics,6,165,5,0,0,0,0,0,0
2019-10-03,Taiwan,Xialiao_Beach,25.21469,121.65406,B,13,1,5,microplastics,0,52,2,0,0,0,0,0,0
2019-10-03,Taiwan,Xialiao_Beach,25.21469,121.65406,B,14,1,5,microplastics,17,227,10,0,0,0,0,0,0
2019-10-03,Taiwan,Xialiao_Beach,25.21469,121.65406,B,15,1,5,microplastics,19,1484,62,0,0,0,0,0,0
2019-10-03,Taiwan,Xialiao_Beach,25.21469,121.65406,B,16,1,5,microplastics,7,554,12,0,0,0,0,0,0
2019-10-03,Taiwan,Xialiao_Beach,25.21469,121.65406,B,17,1,5,microplastics,5,207,4,0,0,0,0,0,0
2019-10-03,Taiwan,Xialiao_Beach,25.21469,121.65406,B,18,1,5,microplastics,1,51,2,0,0,0,0,0,0
2019-10-03,Taiwan,Xialiao_Beach,25.21469,121.65406,B,19,1,5,microplastics,0,15,0,0,0,0,0,0,0
2019-10-03,Taiwan,Xialiao_Beach,25.21469,121.65406,B,20,1,5,microplastics,2,12,0,0,0,0,0,0,0
2019-10-03,Taiwan,Xialiao_Beach,25.21469,121.65406,B,21,1,5,microplastics,51,22,1,0,0,0,0,0,0
2019-10-03,Taiwan,Xialiao_Beach,25.21469,121.65406,B,22,1,5,microplastics,8,0,0,0,0,0,0,0,0
2019-10-03,Taiwan,Xialiao_Beach,25.21469,121.65406,C,5,1,5,microplastics,3,157,0,0,0,0,0,0,0
2019-10-03,Taiwan,Xialiao_Beach,25.21469,121.65406,C,6,1,5,microplastics,3,44,1,0,0,0,0,0,0
2019-10-03,Taiwan,Xialiao_Beach,25.21469,121.65406,C,7,1,5,microplastics,2,121,0,0,0,0,0,0,0
2019-10-03,Taiwan,Xialiao_Beach,25.21469,121.65406,C,8,1,5,microplastics,1,58,2,0,0,0,0,0,0
2019-10-03,Taiwan,Xialiao_Beach,25.21469,121.65406,C,9,1,5,microplastics,2,84,1,0,0,0,0,0,0
2019-10-03,Taiwan,Xialiao_Beach,25.21469,121.65406,C,10,1,5,microplastics,4,227,3,0,0,0,0,0,0
2019-10-03,Taiwan,Xialiao_Beach,25.21469,121.65406,C,11,1,5,microplastics,12,489,8,0,0,0,0,0,0
2019-10-03,Taiwan,Xialiao_Beach,25.21469,121.65406,C,12,1,5,microplastics,9,430,9,0,0,0,0,0,0
2019-10-03,Taiwan,Xialiao_Beach,25.21469,121.65406,C,13,1,5,microplastics,17,598,16,0,0,0,0,0,0
2019-10-03,Taiwan,Xialiao_Beach,25.21469,121.65406,C,14,1,5,microplastics,49,1111,31,0,0,0,0,0,0
2019-10-03,Taiwan,Xialiao_Beach,25.21469,121.65406,C,15,1,5,microplastics,10,726,23,0,0,0,0,0,0
2019-10-03,Taiwan,Xialiao_Beach,25.21469,121.65406,C,16,1,5,microplastics,10,596,9,0,0,0,0,0,0
2019-10-03,Taiwan,Xialiao_Beach,25.21469,121.65406,C,17,1,5,microplastics,10,1132,27,0,0,0,0,0,0
2019-10-03,Taiwan,Xialiao_Beach,25.21469,121.65406,C,18,1,5,microplastics,2,214,3,0,0,0,0,0,0
2019-10-03,Taiwan,Xialiao_Beach,25.21469,121.65406,C,19,1,5,microplastics,2,57,2,0,0,0,0,0,0
2019-10-03,Taiwan,Xialiao_Beach,25.21469,121.65406,C,20,1,5,microplastics,0,59,0,0,0,0,0,0,0
2019-10-03,Taiwan,Xialiao_Beach,25.21469,121.65406,C,21,1,5,microplastics,128,41,5,0,0,0,0,0,0
2019-10-03,Taiwan,Xialiao_Beach,25.21469,121.65406,C,22,1,5,microplastics,13,2,0,0,0,0,0,0,0
2019-10-03,Taiwan,Xialiao_Beach,25.21469,121.65406,A,5,5,25,mesoplastics,1,63,0,0,0,0,0,0,0
2019-10-03,Taiwan,Xialiao_Beach,25.21469,121.65406,A,6,5,25,mesoplastics,6,403,1,0,0,0,0,0,0
2019-10-03,Taiwan,Xialiao_Beach,25.21469,121.65406,A,7,5,25,mesoplastics,0,12,0,0,0,0,0,0,0
2019-10-03,Taiwan,Xialiao_Beach,25.21469,121.65406,A,8,5,25,mesoplastics,1,0,0,0,0,0,0,0,0
2019-10-03,Taiwan,Xialiao_Beach,25.21469,121.65406,A,9,5,25,mesoplastics,0,2,0,0,0,0,0,0,0
2019-10-03,Taiwan,Xialiao_Beach,25.21469,121.65406,A,10,5,25,mesoplastics,3,3,0,0,0,0,0,0,0
2019-10-03,Taiwan,Xialiao_Beach,25.21469,121.65406,A,11,5,25,mesoplastics,15,277,2,0,0,0,0,0,0
2019-10-03,Taiwan,Xialiao_Beach,25.21469,121.65406,A,12,5,25,mesoplastics,3,25,0,0,0,0,0,0,0
2019-10-03,Taiwan,Xialiao_Beach,25.21469,121.65406,A,13,5,25,mesoplastics,11,23,0,0,0,0,0,0,0
2019-10-03,Taiwan,Xialiao_Beach,25.21469,121.65406,A,14,5,25,mesoplastics,4,10,0,0,0,0,0,0,0
2019-10-03,Taiwan,Xialiao_Beach,25.21469,121.65406,A,15,5,25,mesoplastics,19,91,1,1,0,0,0,0,0
2019-10-03,Taiwan,Xialiao_Beach,25.21469,121.65406,A,16,5,25,mesoplastics,17,103,3,0,0,0,0,0,0
2019-10-03,Taiwan,Xialiao_Beach,25.21469,121.65406,A,17,5,25,mesoplastics,1,5,2,0,0,0,0,0,0
2019-10-03,Taiwan,Xialiao_Beach,25.21469,121.65406,A,18,5,25,mesoplastics,4,11,0,0,0,0,0,0,0
2019-10-03,Taiwan,Xialiao_Beach,25.21469,121.65406,A,19,5,25,mesoplastics,0,1,0,0,0,0,0,0,0
2019-10-03,Taiwan,Xialiao_Beach,25.21469,121.65406,A,20,5,25,mesoplastics,0,0,0,0,0,0,0,0,0
2019-10-03,Taiwan,Xialiao_Beach,25.21469,121.65406,A,21,5,25,mesoplastics,0,0,0,0,0,0,0,0,0
2019-10-03,Taiwan,Xialiao_Beach,25.21469,121.65406,A,22,5,25,mesoplastics,0,0,0,0,0,0,0,0,0
2019-10-03,Taiwan,Xialiao_Beach,25.21469,121.65406,B,5,5,25,mesoplastics,3,105,0,0,0,0,0,0,0
2019-10-03,Taiwan,Xialiao_Beach,25.21469,121.65406,B,6,5,25,mesoplastics,0,5,0,0,0,0,0,0,0
2019-10-03,Taiwan,Xialiao_Beach,25.21469,121.65406,B,7,5,25,mesoplastics,0,2,0,0,0,0,0,0,0
2019-10-03,Taiwan,Xialiao_Beach,25.21469,121.65406,B,8,5,25,mesoplastics,0,2,0,0,0,0,0,0,0
2019-10-03,Taiwan,Xialiao_Beach,25.21469,121.65406,B,9,5,25,mesoplastics,2,70,0,0,0,0,0,0,0
2019-10-03,Taiwan,Xialiao_Beach,25.21469,121.65406,B,10,5,25,mesoplastics,3,56,0,0,0,0,0,1,0
2019-10-03,Taiwan,Xialiao_Beach,25.21469,121.65406,B,11,5,25,mesoplastics,3,27,0,0,0,0,0,0,0
2019-10-03,Taiwan,Xialiao_Beach,25.21469,121.65406,B,12,5,25,mesoplastics,2,32,0,0,0,0,0,0,0
2019-10-03,Taiwan,Xialiao_Beach,25.21469,121.65406,B,13,5,25,mesoplastics,1,4,0,0,0,0,0,0,0
2019-10-03,Taiwan,Xialiao_Beach,25.21469,121.65406,B,14,5,25,mesoplastics,5,5,0,0,0,0,0,0,0
2019-10-03,Taiwan,Xialiao_Beach,25.21469,121.65406,B,15,5,25,mesoplastics,42,158,10,0,0,0,0,0,0
2019-10-03,Taiwan,Xialiao_Beach,25.21469,121.65406,B,16,5,25,mesoplastics,11,41,1,0,0,0,0,0,0
2019-10-03,Taiwan,Xialiao_Beach,25.21469,121.65406,B,17,5,25,mesoplastics,4,27,0,0,0,0,0,0,0
2019-10-03,Taiwan,Xialiao_Beach,25.21469,121.65406,B,18,5,25,mesoplastics,2,4,0,0,0,0,0,0,0
2019-10-03,Taiwan,Xialiao_Beach,25.21469,121.65406,B,19,5,25,mesoplastics,0,1,0,0,0,0,0,0,0
2019-10-03,Taiwan,Xialiao_Beach,25.21469,121.65406,B,20,5,25,mesoplastics,0,1,0,0,0,0,0,0,0
2019-10-03,Taiwan,Xialiao_Beach,25.21469,121.65406,B,21,5,25,mesoplastics,4,1,0,0,0,0,0,0,0
2019-10-03,Taiwan,Xialiao_Beach,25.21469,121.65406,B,22,5,25,mesoplastics,0,0,0,0,0,0,0,0,0
2019-10-03,Taiwan,Xialiao_Beach,25.21469,121.65406,C,5,5,25,mesoplastics,2,35,0,0,0,0,0,0,0
2019-10-03,Taiwan,Xialiao_Beach,25.21469,121.65406,C,6,5,25,mesoplastics,1,9,0,0,0,0,0,0,0
2019-10-03,Taiwan,Xialiao_Beach,25.21469,121.65406,C,7,5,25,mesoplastics,1,46,0,0,0,0,0,0,0
2019-10-03,Taiwan,Xialiao_Beach,25.21469,121.65406,C,8,5,25,mesoplastics,0,16,0,0,0,0,0,0,0
2019-10-03,Taiwan,Xialiao_Beach,25.21469,121.65406,C,9,5,25,mesoplastics,1,21,0,0,0,0,0,0,0
2019-10-03,Taiwan,Xialiao_Beach,25.21469,121.65406,C,10,5,25,mesoplastics,3,48,0,0,0,0,0,0,0
2019-10-03,Taiwan,Xialiao_Beach,25.21469,121.65406,C,11,5,25,mesoplastics,8,72,0,0,0,0,0,0,0
2019-10-03,Taiwan,Xialiao_Beach,25.21469,121.65406,C,12,5,25,mesoplastics,6,68,1,0,0,0,0,0,0
2019-10-03,Taiwan,Xialiao_Beach,25.21469,121.65406,C,13,5,25,mesoplastics,8,80,0,0,0,0,0,0,1
2019-10-03,Taiwan,Xialiao_Beach,25.21469,121.65406,C,14,5,25,mesoplastics,28,140,5,0,0,0,0,0,0
2019-10-03,Taiwan,Xialiao_Beach,25.21469,121.65406,C,15,5,25,mesoplastics,12,55,1,0,0,0,0,0,1
2019-10-03,Taiwan,Xialiao_Beach,25.21469,121.65406,C,16,5,25,mesoplastics,13,38,0,0,0,0,0,0,0
2019-10-03,Taiwan,Xialiao_Beach,25.21469,121.65406,C,17,5,25,mesoplastics,8,96,0,0,0,0,0,0,0
2019-10-03,Taiwan,Xialiao_Beach,25.21469,121.65406,C,18,5,25,mesoplastics,7,16,2,0,0,0,0,0,0
2019-10-03,Taiwan,Xialiao_Beach,25.21469,121.65406,C,19,5,25,mesoplastics,1,11,0,0,0,0,0,0,0
2019-10-03,Taiwan,Xialiao_Beach,25.21469,121.65406,C,20,5,25,mesoplastics,0,3,0,0,0,0,0,0,0
2019-10-03,Taiwan,Xialiao_Beach,25.21469,121.65406,C,21,5,25,mesoplastics,7,2,0,0,0,0,0,0,0
2019-10-03,Taiwan,Xialiao_Beach,25.21469,121.65406,C,22,5,25,mesoplastics,1,0,0,0,0,0,0,0,0
2019-11-26,Taiwan,Xialiao_Beach,25.21469,121.65406,A,5,1,5,microplastics,4,102,1,0,0,0,0,0,0
2019-11-26,Taiwan,Xialiao_Beach,25.21469,121.65406,A,6,1,5,microplastics,0,36,0,0,0,0,0,0,0
2019-11-26,Taiwan,Xialiao_Beach,25.21469,121.65406,A,7,1,5,microplastics,2,6,0,0,0,0,0,0,0
2019-11-26,Taiwan,Xialiao_Beach,25.21469,121.65406,A,8,1,5,microplastics,0,10,0,0,0,0,0,0,0
2019-11-26,Taiwan,Xialiao_Beach,25.21469,121.65406,A,9,1,5,microplastics,5,30,0,0,0,0,0,0,0
2019-11-26,Taiwan,Xialiao_Beach,25.21469,121.65406,A,10,1,5,microplastics,2,66,1,0,0,0,0,0,0
2019-11-26,Taiwan,Xialiao_Beach,25.21469,121.65406,A,11,1,5,microplastics,26,410,12,0,0,0,0,0,0
2019-11-26,Taiwan,Xialiao_Beach,25.21469,121.65406,A,12,1,5,microplastics,5,63,2,0,0,1,0,0,0
2019-11-26,Taiwan,Xialiao_Beach,25.21469,121.65406,A,13,1,5,microplastics,10,192,7,0,2,0,0,0,0
2019-11-26,Taiwan,Xialiao_Beach,25.21469,121.65406,A,14,1,5,microplastics,22,528,13,0,0,0,0,0,0
2019-11-26,Taiwan,Xialiao_Beach,25.21469,121.65406,A,15,1,5,microplastics,3,16,0,0,0,0,0,0,0
2019-11-26,Taiwan,Xialiao_Beach,25.21469,121.65406,A,16,1,5,microplastics,3,0,3,0,0,0,0,0,0
2019-11-26,Taiwan,Xialiao_Beach,25.21469,121.65406,A,17,1,5,microplastics,87,10,7,0,0,0,0,0,0
2019-11-26,Taiwan,Xialiao_Beach,25.21469,121.65406,A,18,1,5,microplastics,14,4,0,0,0,0,0,0,0
2019-11-26,Taiwan,Xialiao_Beach,25.21469,121.65406,A,19,1,5,microplastics,0,0,0,0,0,0,0,0,0
2019-11-26,Taiwan,Xialiao_Beach,25.21469,121.65406,B,5,1,5,microplastics,2,108,0,0,0,0,0,0,0
2019-11-26,Taiwan,Xialiao_Beach,25.21469,121.65406,B,6,1,5,microplastics,2,28,0,0,0,0,0,0,0
2019-11-26,Taiwan,Xialiao_Beach,25.21469,121.65406,B,7,1,5,microplastics,3,41,1,0,0,0,0,0,0
2019-11-26,Taiwan,Xialiao_Beach,25.21469,121.65406,B,8,1,5,microplastics,1,14,0,0,0,0,0,0,0
2019-11-26,Taiwan,Xialiao_Beach,25.21469,121.65406,B,9,1,5,microplastics,0,19,0,0,0,0,0,0,0
2019-11-26,Taiwan,Xialiao_Beach,25.21469,121.65406,B,10,1,5,microplastics,5,136,2,0,0,0,0,0,0
2019-11-26,Taiwan,Xialiao_Beach,25.21469,121.65406,B,11,1,5,microplastics,19,236,12,0,0,0,0,0,0
2019-11-26,Taiwan,Xialiao_Beach,25.21469,121.65406,B,12,1,5,microplastics,22,99,2,0,0,0,0,0,0
2019-11-26,Taiwan,Xialiao_Beach,25.21469,121.65406,B,13,1,5,microplastics,5,49,1,0,0,0,0,0,0
2019-11-26,Taiwan,Xialiao_Beach,25.21469,121.65406,B,14,1,5,microplastics,18,222,3,0,0,0,0,0,0
2019-11-26,Taiwan,Xialiao_Beach,25.21469,121.65406,B,15,1,5,microplastics,7,6,0,0,1,1,0,0,0
2019-11-26,Taiwan,Xialiao_Beach,25.21469,121.65406,B,16,1,5,microplastics,2,1,0,0,0,0,0,0,0
2019-11-26,Taiwan,Xialiao_Beach,25.21469,121.65406,B,17,1,5,microplastics,37,9,1,0,0,1,0,0,0
2019-11-26,Taiwan,Xialiao_Beach,25.21469,121.65406,B,18,1,5,microplastics,14,7,1,0,0,0,0,0,0
2019-11-26,Taiwan,Xialiao_Beach,25.21469,121.65406,B,19,1,5,microplastics,1,4,0,0,0,0,0,0,0
2019-11-26,Taiwan,Xialiao_Beach,25.21469,121.65406,C,5,1,5,microplastics,4,125,1,0,0,0,0,0,0
2019-11-26,Taiwan,Xialiao_Beach,25.21469,121.65406,C,6,1,5,microplastics,3,38,1,0,0,0,0,0,0
2019-11-26,Taiwan,Xialiao_Beach,25.21469,121.65406,C,7,1,5,microplastics,1,54,0,0,0,0,0,0,0
2019-11-26,Taiwan,Xialiao_Beach,25.21469,121.65406,C,8,1,5,microplastics,4,407,2,0,0,0,0,0,0
2019-11-26,Taiwan,Xialiao_Beach,25.21469,121.65406,C,9,1,5,microplastics,2,141,1,0,0,0,0,0,0
2019-11-26,Taiwan,Xialiao_Beach,25.21469,121.65406,C,10,1,5,microplastics,3,43,0,0,0,0,0,0,0
2019-11-26,Taiwan,Xialiao_Beach,25.21469,121.65406,C,11,1,5,microplastics,8,508,7,0,0,0,0,0,0
2019-11-26,Taiwan,Xialiao_Beach,25.21469,121.65406,C,12,1,5,microplastics,3,118,4,0,0,0,0,0,0
2019-11-26,Taiwan,Xialiao_Beach,25.21469,121.65406,C,13,1,5,microplastics,8,116,5,0,0,0,0,0,0
2019-11-26,Taiwan,Xialiao_Beach,25.21469,121.65406,C,14,1,5,microplastics,24,347,9,0,0,0,0,0,0
2019-11-26,Taiwan,Xialiao_Beach,25.21469,121.65406,C,15,1,5,microplastics,6,137,2,0,0,0,0,0,0
2019-11-26,Taiwan,Xialiao_Beach,25.21469,121.65406,C,16,1,5,microplastics,4,6,3,0,0,0,0,0,0
2019-11-26,Taiwan,Xialiao_Beach,25.21469,121.65406,C,17,1,5,microplastics,35,6,1,0,0,0,0,0,0
2019-11-26,Taiwan,Xialiao_Beach,25.21469,121.65406,C,18,1,5,microplastics,8,1,0,0,0,0,0,0,0
2019-11-26,Taiwan,Xialiao_Beach,25.21469,121.65406,C,19,1,5,microplastics,5,1,0,0,0,0,0,0,0
2019-11-26,Taiwan,Xialiao_Beach,25.21469,121.65406,A,5,5,25,mesoplastics,1,13,1,1,0,0,0,0,0
2019-11-26,Taiwan,Xialiao_Beach,25.21469,121.65406,A,6,5,25,mesoplastics,1,7,0,0,0,0,0,0,0
2019-11-26,Taiwan,Xialiao_Beach,25.21469,121.65406,A,7,5,25,mesoplastics,0,1,0,0,0,0,0,0,0
2019-11-26,Taiwan,Xialiao_Beach,25.21469,121.65406,A,8,5,25,mesoplastics,0,1,0,0,0,0,0,0,0
2019-11-26,Taiwan,Xialiao_Beach,25.21469,121.65406,A,9,5,25,mesoplastics,1,9,0,0,0,0,0,0,0
2019-11-26,Taiwan,Xialiao_Beach,25.21469,121.65406,A,10,5,25,mesoplastics,0,19,0,0,0,0,0,0,0
2019-11-26,Taiwan,Xialiao_Beach,25.21469,121.65406,A,11,5,25,mesoplastics,21,22,0,0,0,0,0,0,0
2019-11-26,Taiwan,Xialiao_Beach,25.21469,121.65406,A,12,5,25,mesoplastics,3,9,0,0,0,0,0,0,0
2019-11-26,Taiwan,Xialiao_Beach,25.21469,121.65406,A,13,5,25,mesoplastics,4,61,0,0,0,0,0,0,0
2019-11-26,Taiwan,Xialiao_Beach,25.21469,121.65406,A,14,5,25,mesoplastics,10,68,0,1,0,0,0,0,0
2019-11-26,Taiwan,Xialiao_Beach,25.21469,121.65406,A,15,5,25,mesoplastics,0,1,0,0,0,0,0,0,0
2019-11-26,Taiwan,Xialiao_Beach,25.21469,121.65406,A,16,5,25,mesoplastics,1,0,0,0,0,0,0,0,0
2019-11-26,Taiwan,Xialiao_Beach,25.21469,121.65406,A,17,5,25,mesoplastics,5,2,0,0,0,0,0,0,0
2019-11-26,Taiwan,Xialiao_Beach,25.21469,121.65406,A,18,5,25,mesoplastics,2,0,0,0,0,0,0,0,0
2019-11-26,Taiwan,Xialiao_Beach,25.21469,121.65406,A,19,5,25,mesoplastics,0,1,0,0,0,0,0,0,0
2019-11-26,Taiwan,Xialiao_Beach,25.21469,121.65406,B,5,5,25,mesoplastics,2,13,0,0,0,0,0,0,0
2019-11-26,Taiwan,Xialiao_Beach,25.21469,121.65406,B,6,5,25,mesoplastics,1,8,0,1,0,0,0,0,0
2019-11-26,Taiwan,Xialiao_Beach,25.21469,121.65406,B,7,5,25,mesoplastics,0,11,0,0,0,0,0,0,0
2019-11-26,Taiwan,Xialiao_Beach,25.21469,121.65406,B,8,5,25,mesoplastics,2,7,0,0,0,0,0,0,0
2019-11-26,Taiwan,Xialiao_Beach,25.21469,121.65406,B,9,5,25,mesoplastics,1,5,0,0,0,0,0,0,0
2019-11-26,Taiwan,Xialiao_Beach,25.21469,121.65406,B,10,5,25,mesoplastics,2,17,0,0,0,0,0,0,0
2019-11-26,Taiwan,Xialiao_Beach,25.21469,121.65406,B,11,5,25,mesoplastics,12,20,2,0,0,0,0,0,0
2019-11-26,Taiwan,Xialiao_Beach,25.21469,121.65406,B,12,5,25,mesoplastics,2,14,0,2,0,0,0,0,0
2019-11-26,Taiwan,Xialiao_Beach,25.21469,121.65406,B,13,5,25,mesoplastics,1,12,0,0,0,0,0,0,0
2019-11-26,Taiwan,Xialiao_Beach,25.21469,121.65406,B,14,5,25,mesoplastics,8,27,1,1,0,0,0,0,0
2019-11-26,Taiwan,Xialiao_Beach,25.21469,121.65406,B,15,5,25,mesoplastics,1,1,0,0,0,0,0,0,0
2019-11-26,Taiwan,Xialiao_Beach,25.21469,121.65406,B,16,5,25,mesoplastics,1,0,0,0,0,0,0,0,0
2019-11-26,Taiwan,Xialiao_Beach,25.21469,121.65406,B,17,5,25,mesoplastics,7,0,0,0,0,0,0,0,0
2019-11-26,Taiwan,Xialiao_Beach,25.21469,121.65406,B,18,5,25,mesoplastics,2,2,0,0,0,0,0,0,0
2019-11-26,Taiwan,Xialiao_Beach,25.21469,121.65406,B,19,5,25,mesoplastics,0,0,0,0,0,0,0,0,0
2019-11-26,Taiwan,Xialiao_Beach,25.21469,121.65406,C,5,5,25,mesoplastics,5,17,0,0,0,0,0,0,0
2019-11-26,Taiwan,Xialiao_Beach,25.21469,121.65406,C,6,5,25,mesoplastics,0,5,0,1,0,0,0,0,0
2019-11-26,Taiwan,Xialiao_Beach,25.21469,121.65406,C,7,5,25,mesoplastics,0,5,0,0,0,0,0,0,0
2019-11-26,Taiwan,Xialiao_Beach,25.21469,121.65406,C,8,5,25,mesoplastics,0,76,0,1,0,0,0,0,0
2019-11-26,Taiwan,Xialiao_Beach,25.21469,121.65406,C,9,5,25,mesoplastics,0,14,0,0,0,0,0,0,0
2019-11-26,Taiwan,Xialiao_Beach,25.21469,121.65406,C,10,5,25,mesoplastics,0,6,0,0,0,0,0,0,0
2019-11-26,Taiwan,Xialiao_Beach,25.21469,121.65406,C,11,5,25,mesoplastics,5,71,1,0,0,0,0,0,0
2019-11-26,Taiwan,Xialiao_Beach,25.21469,121.65406,C,12,5,25,mesoplastics,3,15,0,0,0,0,0,0,0
2019-11-26,Taiwan,Xialiao_Beach,25.21469,121.65406,C,13,5,25,mesoplastics,6,13,0,0,0,0,0,0,0
2019-11-26,Taiwan,Xialiao_Beach,25.21469,121.65406,C,14,5,25,mesoplastics,5,40,0,0,0,0,0,0,0
2019-11-26,Taiwan,Xialiao_Beach,25.21469,121.65406,C,15,5,25,mesoplastics,0,11,0,0,0,0,0,0,0
2019-11-26,Taiwan,Xialiao_Beach,25.21469,121.65406,C,16,5,25,mesoplastics,5,3,0,0,0,0,0,0,0
2019-11-26,Taiwan,Xialiao_Beach,25.21469,121.65406,C,17,5,25,mesoplastics,3,2,0,0,0,0,0,0,0
2019-11-26,Taiwan,Xialiao_Beach,25.21469,121.65406,C,18,5,25,mesoplastics,0,0,0,0,0,0,0,0,0
2019-11-26,Taiwan,Xialiao_Beach,25.21469,121.65406,C,19,5,25,mesoplastics,1,0,0,0,0,0,0,0,0
